commit_hash,author_name,author_email,author_date,subject
0d5e25c10926b2dd1b1c9fe46715521828cf98d1,tmotard,39197349-tmotard@users.noreply.replit.com,2026-05-11T12:13:54Z,"Add Holman STATUS column to Fleet Scope All Vehicles"
3eb6ab14823f4fe1cde4aa33e71f6020b9578225,tmotard,39197349-tmotard@users.noreply.replit.com,2026-05-11T12:12:38Z,"Add Holman STATUS column to Fleet Scope All Vehicles"
033634244dff54b6f0cf946ee2a114d2ca0b40f4,tmotard,39197349-tmotard@users.noreply.replit.com,2026-05-11T12:06:12Z,"Transitioned from Plan to Build mode"
654777383a6ad4cdf7f5732e4dead2de8e6134b8,tmotard,39197349-tmotard@users.noreply.replit.com,2026-05-11T02:06:54Z,"Published your App"
b48c31c78fc439a64f902cfc6bd378dcbf7c5036,tmotard,39197349-tmotard@users.noreply.replit.com,2026-05-11T01:59:36Z,"Add deployment record for new database migrations"
eeeec4f4adcdde312d975b9163e85d7374d927bc,tmotard,39197349-tmotard@users.noreply.replit.com,2026-05-11T01:53:58Z,"Align active rentals data with VRM dashboard source"
b82e227f6bcec3d1d1fbd2239f4e9d7ccc9893d9,tmotard,39197349-tmotard@users.noreply.replit.com,2026-05-11T01:44:49Z,"Add sub-stage information to CSV export for tracking vehicle status"
72b9bb6e7e368d067d3e3563409e14109bd826c2,tmotard,39197349-tmotard@users.noreply.replit.com,2026-05-11T01:25:48Z,"Add an optional sub-status for vehicles awaiting registration"
49c9aed000a421176c88267ed1f1a533e12e913d,tmotard,39197349-tmotard@users.noreply.replit.com,2026-05-11T00:50:28Z,"Improve name matching accuracy for vehicle rentals"
4c7b94e16cb5e7d260b7c17718ffe635efd33138,tmotard,39197349-tmotard@users.noreply.replit.com,2026-05-10T23:17:00Z,"Ensure consistent case matching for LDAP identifiers in data queries"
dbb8857a107d3d49a020a97485ce1f5353ad47e9,tmotard,39197349-tmotard@users.noreply.replit.com,2026-05-10T23:02:09Z,"Update new rentals evaluator to approve recent hires with missing data"
77929502c069fb1d8eb9ad24054f3e9e46a50fcb,tmotard,39197349-tmotard@users.noreply.replit.com,2026-05-10T15:34:23Z,"Restore VRM Dashboard name resolution for accurate technician identification"
8911137595e0991630442b7d4b1b7b83816ae6ff,tmotard,39197349-tmotard@users.noreply.replit.com,2026-05-10T14:19:37Z,"Add a file containing an image of port mappings"
b635beaa691f807f7b1049a9aca46daf5105881e,tmotard,39197349-tmotard@users.noreply.replit.com,2026-05-10T14:11:08Z,"Restored to '88e287e220644c1156884bda01b95d634b57e639'"
e7aeb0277ba7f7e98943512cb916a521c2966a5e,tmotard,39197349-tmotard@users.noreply.replit.com,2026-05-10T13:21:46Z,"Saved your changes before starting work"
88e287e220644c1156884bda01b95d634b57e639,tmotard,39197349-tmotard@users.noreply.replit.com,2026-05-09T23:58:37Z,"Update user information in bulk with corrected updatedBy field"
fd7670aac40e58b5959c44733670ab4ee14643ca,tmotard,39197349-tmotard@users.noreply.replit.com,2026-05-09T23:47:54Z,"Add fallback for technician information and report API update failures"
bd908d68928dbaea4e87ea0394fa936383db6c41,tmotard,39197349-tmotard@users.noreply.replit.com,2026-05-09T23:10:52Z,"Update rental roster data source for improved accuracy"
7fb34d52491fa4311aa16035d5b3888aaa3867cb,tmotard,39197349-tmotard@users.noreply.replit.com,2026-05-09T22:05:23Z,"Update active rentals dashboard to use live data and improve accuracy"
8ee94be4b956bdbd7e81dd39b347353e01f5f71c,tmotard,39197349-tmotard@users.noreply.replit.com,2026-05-09T21:42:25Z,"Update rental roster data source to improve accuracy"
0fc6b467496de255871e927ebfce0e801161e208,tmotard,39197349-tmotard@users.noreply.replit.com,2026-05-09T21:25:38Z,"Restored to 'f2410868f5978763486ae719aa64e715cb1fde9e'"
a5441515e694d7e297f95a277ade262560fe2006,tmotard,39197349-tmotard@users.noreply.replit.com,2026-05-09T21:25:30Z,"Saved your changes before starting work"
f2410868f5978763486ae719aa64e715cb1fde9e,tmotard,39197349-tmotard@users.noreply.replit.com,2026-05-09T21:05:08Z,"Improve vehicle rental logging by auto-populating and standardizing fields"
ce5c33a0599ef7ade309f76eb1b26c810ad52b2f,tmotard,39197349-tmotard@users.noreply.replit.com,2026-05-09T20:40:35Z,"Add image file for rental log data visualization"
4a56764e16bf45e0f2c40bc98d6905d1e45a6453,tmotard,39197349-tmotard@users.noreply.replit.com,2026-05-09T20:14:27Z,"Improve truck data matching for rental dashboard enrichment"
ab7e81986979215dd155bab8099d334d671bc851,tmotard,39197349-tmotard@users.noreply.replit.com,2026-05-09T18:58:03Z,"Add visible row and header borders to all vehicle tables"
5c290ad8ac63635a2983ea4b076585ecd8b30df3,tmotard,39197349-tmotard@users.noreply.replit.com,2026-05-09T18:54:12Z,"Update mockups to include new Nexus integration components"
3e27f82594fa8827db3ba5760e250bb43b40e1c1,tylermorgan24,50190904-tylermorgan24@users.noreply.replit.com,2026-05-09T18:53:53Z,"Task #386: Auto-recover stuck inbound MMS media (status='media_failed')"
214651eb7130df15d62217beba29c9e704808817,tmotard,39197349-tmotard@users.noreply.replit.com,2026-05-09T18:51:46Z,"Improve the display and usability of the general comments section"
787e773f3c719b4afb091357f1e380533ba37b54,tmotard,39197349-tmotard@users.noreply.replit.com,2026-05-09T18:44:39Z,"Improve table readability and sidebar contrast with styling enhancements"
5e27b00096e177a4d12cc455a48432a0dfed5668,tmotard,39197349-tmotard@users.noreply.replit.com,2026-05-09T18:35:17Z,"Add global navigation and theme toggle to all Nexus pages"
762cfd8526573fc62c66ea6e1851dbf549d5a73b,tmotard,39197349-tmotard@users.noreply.replit.com,2026-05-09T18:13:40Z,"Improve table layout and visual clarity for editable fields"
929042582d84cb4067813e7cd2d78c465c0d69c4,tmotard,39197349-tmotard@users.noreply.replit.com,2026-05-09T18:07:06Z,"Improve table layout and text wrapping in the spares menu"
15d7ccb32aece1db92d60b7135d678a38fbc2d10,tmotard,39197349-tmotard@users.noreply.replit.com,2026-05-09T17:54:22Z,"Improve dashboard performance and data handling for rentals"
841e354bdf7a146f130e2ecff918f9b31ef960e8,tmotard,39197349-tmotard@users.noreply.replit.com,2026-05-09T17:29:22Z,"Add new Nexus integration components to the application"
fd418b85bb1abf1499ded68a2f011467de534597,tmotard,39197349-tmotard@users.noreply.replit.com,2026-05-08T23:00:19Z,"Published your App"
c47bc99c9b2194e6949dfbe83d4d3915d8c03177,tmotard,39197349-tmotard@users.noreply.replit.com,2026-05-08T22:56:06Z,"Add a scoped API key for a specific repair tracker endpoint"
3170ad7bce90107fa7bed933c569342b8f06b851,tmotard,39197349-tmotard@users.noreply.replit.com,2026-05-08T22:53:47Z,"Add scoped API key authentication for repair tracker endpoint"
0a400314af71ad81bad4d8421eee2e390b958109,tmotard,39197349-tmotard@users.noreply.replit.com,2026-05-08T22:32:35Z,"Published your App"
3d15353adf7cb79329aae8fb382a91a4f831cce5,tmotard,39197349-tmotard@users.noreply.replit.com,2026-05-08T22:26:01Z,"Update filtering logic to exclude archived vehicles"
510f835b40561497a9c4e2dd00b9ba269b80ea2d,tmotard,39197349-tmotard@users.noreply.replit.com,2026-05-08T22:18:53Z,"Filter out archived repair tracker entries to match UI display"
220e5a133a7bbc5c6fa3f75c4e33b3d4c28251e6,tmotard,39197349-tmotard@users.noreply.replit.com,2026-05-08T21:58:29Z,"Published your App"
6c987c484c9e55975a8061268d1f3b6245e1b408,tmotard,39197349-tmotard@users.noreply.replit.com,2026-05-08T21:50:26Z,"Filter rental repair tracker to only show active entries"
a50f3613f6a0f1d5ed81f8df8fb002f567958a56,tmotard,39197349-tmotard@users.noreply.replit.com,2026-05-08T21:26:02Z,"Published your App"
af3805159ac5f7c17038e277973f0f5e7ac4fd4f,tmotard,39197349-tmotard@users.noreply.replit.com,2026-05-08T21:18:33Z,"VRM: add read-only GET /api/vrm/repair-tracker/full aggregator"
024fe19d3001d8ecf6d5a89bc3161adba3e6ecbb,tmotard,39197349-tmotard@users.noreply.replit.com,2026-05-08T21:17:04Z,"VRM: add read-only GET /api/vrm/repair-tracker/full aggregator"
3724974da0e0ffd757a1ae0497b118a0c3f09fe7,tmotard,39197349-tmotard@users.noreply.replit.com,2026-05-08T21:15:24Z,"VRM: add read-only GET /api/vrm/repair-tracker/full aggregator"
ba4bd8e056265f6af4712db693b7ebb24bf4c194,tmotard,39197349-tmotard@users.noreply.replit.com,2026-05-08T21:08:37Z,"Transitioned from Plan to Build mode"
ba081c2f6659066dc0d980b69d89de2ee6957330,tmotard,39197349-tmotard@users.noreply.replit.com,2026-05-08T21:06:58Z,"Saved your changes before starting work"
d7aa694dd447e794fbeae09b00fe1dea2701c631,tmotard,39197349-tmotard@users.noreply.replit.com,2026-05-08T14:29:24Z,"Add diagnostic script to analyze vehicle repair status discrepancies"
e727c19a254ca51fa527b9517dbc2836ed451fd5,tmotard,39197349-tmotard@users.noreply.replit.com,2026-05-07T18:38:01Z,"Published your App"
e52011dee397e494949e373853ef20bde9f58467,tmotard,39197349-tmotard@users.noreply.replit.com,2026-05-07T18:05:00Z,"Add missing maintenance and management columns to vehicle export"
02289134478aaf125008db368739877abad17a3c,tmotard,39197349-tmotard@users.noreply.replit.com,2026-05-07T17:54:19Z,"Add Managed by column to All Vehicles CSV export"
82b0a036235b9217d38ea2b18ffb26e6224593b6,tmotard,39197349-tmotard@users.noreply.replit.com,2026-05-07T17:46:28Z,"Update Holman vehicle status code for accurate fleet management display"
0fbe7bf0142e6df1c31bd527d3e56c694ee5b491,tmotard,39197349-tmotard@users.noreply.replit.com,2026-05-07T12:37:54Z,"Add "Managed by" column to Fleet Scope All Vehicles table"
eb273c782de9206c2d7680536632ae6404da7c81,tmotard,39197349-tmotard@users.noreply.replit.com,2026-05-07T10:51:02Z,"Move the "Managed by" column to the end of the vehicle table"
46f2868fa98391ef68bc606a9f931c617ec88958,tmotard,39197349-tmotard@users.noreply.replit.com,2026-05-07T10:39:03Z,"Fleet Scope: add "Managed by" column to All Vehicles tab"
f7b4de835569297517c04ab143c211f2b10d36b5,tmotard,39197349-tmotard@users.noreply.replit.com,2026-05-07T09:51:27Z,"Published your App"
8cdcd146e924122ea26c340e1c9a43de6b6f05b0,tmotard,39197349-tmotard@users.noreply.replit.com,2026-05-07T09:45:11Z,"Update media download links to use query parameters for reliability"
c1a76754c461aa2de39a02dc80a23546ef095cb9,tmotard,39197349-tmotard@users.noreply.replit.com,2026-05-07T09:40:22Z,"Published your App"
e461f012ddca1c9f71f47f463ebf35fb9c2b1c4f,tmotard,39197349-tmotard@users.noreply.replit.com,2026-05-07T09:33:55Z,"Fix broken links for viewing and downloading media files"
8a9d09148c670fc4062a161c85c0c525f736144d,tmotard,39197349-tmotard@users.noreply.replit.com,2026-05-07T09:14:06Z,"Published your App"
aec9b245eeecd34081efd61833f9d9860b2c3d71,tmotard,39197349-tmotard@users.noreply.replit.com,2026-05-07T09:04:33Z,"Task #386: Auto-recover stuck inbound MMS media on server boot"
4f0a98ed7f708911aee733ff32da99c9b3016c32,tmotard,39197349-tmotard@users.noreply.replit.com,2026-05-07T08:43:07Z,"Fix MMS photo fetch in production (Task #384)"
05b79fdfacdaf8b97834935a11be1be647a599b8,tmotard,39197349-tmotard@users.noreply.replit.com,2026-05-07T08:41:20Z,"Fix MMS photo fetch in production (Task #384)"
aea828c5adc2a715c5156395b8eb229b6d627b1f,tmotard,39197349-tmotard@users.noreply.replit.com,2026-05-07T08:39:07Z,"Fix MMS photo fetch in production (Task #384)"
dcff7174e22659a473452e5dbda594a86753ea57,tmotard,39197349-tmotard@users.noreply.replit.com,2026-05-07T08:36:41Z,"Transitioned from Plan to Build mode"
cb1840dc629b481bbc71e315a4a825de111e1ddb,tmotard,39197349-tmotard@users.noreply.replit.com,2026-05-07T03:12:39Z,"Remove mockups and update task for new approach"
9a760701044c4fb31e5ca77f97e2ffe2affdef79,tmotard,39197349-tmotard@users.noreply.replit.com,2026-05-07T02:59:53Z,"Add detailed inventory of vehicle fields and actions"
a81f55eeee53afefd958de5ae29a7323be3504e6,tmotard,39197349-tmotard@users.noreply.replit.com,2026-05-07T02:36:52Z,"Add five layout options for vehicle slide-out cards"
86e50456932622c8d82c62b784b491a292b8403e,tmotard,39197349-tmotard@users.noreply.replit.com,2026-05-07T02:30:52Z,"Saved your changes before starting work"
764038751dc1d3fab08a1e9fb1c174d1253b631e,tmotard,39197349-tmotard@users.noreply.replit.com,2026-05-07T02:29:52Z,"Show loading screen during app startup (Task #379)"
ee7a7a62d0a67b7f71935eab8f5752a7549aef74,tmotard,39197349-tmotard@users.noreply.replit.com,2026-05-07T02:29:51Z,"Git commit prior to merge"
84986a3db0b02b14a3f9589e347ba693015878ae,tmotard,39197349-tmotard@users.noreply.replit.com,2026-05-07T01:43:05Z,"Update how vehicle repair status is displayed and processed"
dd4f04f401cec6ef067afb7c72a3ddf33fead89c,tmotard,39197349-tmotard@users.noreply.replit.com,2026-05-07T01:37:37Z,"Improve vehicle repair information display and data handling"
51c296837589c1b7403db0c0bd85180e4f384c20,tmotard,39197349-tmotard@users.noreply.replit.com,2026-05-07T01:31:49Z,"Update vehicle repair information display and prefill dialogs"
3d82a3b90497c290c962019a93a43e5d39cf45e4,tmotard,39197349-tmotard@users.noreply.replit.com,2026-05-07T01:21:26Z,"Saved your changes before starting work"
c60a4ebe9b890a8266480ba0850c4ae521212126,tmotard,39197349-tmotard@users.noreply.replit.com,2026-05-06T16:39:33Z,"Add detailed logging for vehicle submission requests and responses"
d5b47b0e0b3ce7dd4b9f568928b6ce2a96bdff6e,tmotard,39197349-tmotard@users.noreply.replit.com,2026-05-06T16:22:12Z,"Update vehicle submission to include query parameters"
06167189eafe7ef6f4c4848fbed8d81778af523a,tmotard,39197349-tmotard@users.noreply.replit.com,2026-05-06T16:01:05Z,"Update API call to send vehicle data directly to Holman"
585e67abb5ca2b21c49e6d8cf94c9f6f3fdfd41c,tmotard,39197349-tmotard@users.noreply.replit.com,2026-05-06T16:00:26Z,"Update Node.js version information and clarify fetch API usage"
88d41801e371144c0b144b242bcc52e5a9c6698e,tmotard,39197349-tmotard@users.noreply.replit.com,2026-05-06T15:57:00Z,"Published your App"
8d85141a06ea39facb8fbe990543c7fcf223f5ea,tmotard,39197349-tmotard@users.noreply.replit.com,2026-05-06T15:50:03Z,"Improve logging to include reference token in Holman submissions"
c04c467bd12ced2000426cf8cd3c775b418e6c3a,tmotard,39197349-tmotard@users.noreply.replit.com,2026-05-06T15:48:07Z,"Add a fallback corporate address for vehicle offboarding records"
e512fa33a6049e974f976589d85ef779a59ad1dd,tmotard,39197349-tmotard@users.noreply.replit.com,2026-05-06T15:47:19Z,"Update component imports for Nexus integration features"
767f5039d6ae64f51bae778c26c5ca3a7cadc8f6,tmotard,39197349-tmotard@users.noreply.replit.com,2026-05-06T15:44:55Z,"Make all text values in the vehicle payload consistently uppercase"
7f434346899028a31c7f8be5119f41f867f37a30,tmotard,39197349-tmotard@users.noreply.replit.com,2026-05-06T15:42:08Z,"Remove unnecessary address line from vehicle payloads"
10eab83c2bd5a63db00a5fc6f2dec21ed4c520c5,tmotard,39197349-tmotard@users.noreply.replit.com,2026-05-06T15:37:57Z,"Add new mockups for Nexus integration and remove asset action field"
469642e033e0651ee29ad35bc99528b8239c8d02,tmotard,39197349-tmotard@users.noreply.replit.com,2026-05-06T14:47:30Z,"Fix AMS Status column in All Vehicles table and CSV export"
17b63d96e17a049ea9c2f88b79cd904e40927be7,tmotard,39197349-tmotard@users.noreply.replit.com,2026-05-06T14:39:27Z,"task-378: Prevent login page flash for SSO users"
e58bd615a403ff2451b63e8540643e4f6f3489fe,tmotard,39197349-tmotard@users.noreply.replit.com,2026-05-06T14:27:23Z,"Fix MMS photo download failures in Decommissioning and Regular Messaging conversations"
423d637815e756ad0c9561ef7d5c71d5c803f26c,tmotard,39197349-tmotard@users.noreply.replit.com,2026-05-06T14:26:07Z,"Fix MMS photo download failures in Decommissioning and Regular Messaging conversations"
cb82ff66411b117738a2ac4f66c53f70e4338af5,tmotard,39197349-tmotard@users.noreply.replit.com,2026-05-06T14:23:36Z,"Fix MMS photo download failures in Decommissioning and Regular Messaging conversations"
d17552774447e8837cd1cb332dd0a7204bf52732,tmotard,39197349-tmotard@users.noreply.replit.com,2026-05-06T14:20:11Z,"Transitioned from Plan to Build mode"
5bc60c988b173e27f0761372bf690ce04ba612c0,tmotard,39197349-tmotard@users.noreply.replit.com,2026-05-06T14:05:59Z,"Add asset action to create vehicles in Holman's system"
168de22af7dbcaeb98982d59504cb7322a0652b1,tmotard,39197349-tmotard@users.noreply.replit.com,2026-05-06T13:09:37Z,"Published your App"
344ad57a84b3749c3eeee260065eab24a952b4ef,tmotard,39197349-tmotard@users.noreply.replit.com,2026-05-06T13:02:18Z,"Fix error when viewing map details on the fleet vehicles page"
3631e72a83116c87a6c50508910153a48c52b789,tmotard,39197349-tmotard@users.noreply.replit.com,2026-05-06T13:00:32Z,"Fix fleet-scope blank page caused by SSO session not recovering after stale localStorage"
3178a8b4ab3ce33796e085c7cd4725f22e12d229,tmotard,39197349-tmotard@users.noreply.replit.com,2026-05-06T12:55:17Z,"Update system to correctly submit vehicle data to Holman and improve address handling"
745e7aa0948d834d07878f6c9683623c0a967169,tmotard,39197349-tmotard@users.noreply.replit.com,2026-05-06T12:17:03Z,"Generate JSON payloads for Holman vehicle submissions"
e0ad31ffa11315019466798584143b5a6d9867bd,tmotard,39197349-tmotard@users.noreply.replit.com,2026-05-06T12:13:40Z,"Add script to inspect enrollment database for vehicle information"
83b4e7bb46fe328348542ee7aaeefd365dbd14c1,tmotard,39197349-tmotard@users.noreply.replit.com,2026-05-06T05:21:55Z,"Refine bulk vehicle creation script and add new field testing"
f20c690be96b7185ca4c439235661ccf943257a7,tmotard,39197349-tmotard@users.noreply.replit.com,2026-05-06T04:45:28Z,"Saved your changes before starting work"
7542952fcdcdf0670504694893f3eb6e55fb1d53,tmotard,39197349-tmotard@users.noreply.replit.com,2026-05-06T04:41:47Z,"Published your App"
ac6787eaff1f6a4083bd9b944f7303a4c9605dae,tmotard,39197349-tmotard@users.noreply.replit.com,2026-05-06T04:27:10Z,"Replace native browser tooltips on disabled buttons with styled Tooltip component"
80c578f64421eb10ef63c4e6d5f6c08b6697baf5,tmotard,39197349-tmotard@users.noreply.replit.com,2026-05-06T04:25:17Z,"Update mock component definitions to include nexus integration modules"
49f00c263381fa72c163556537d77a03d08c74eb,tmotard,39197349-tmotard@users.noreply.replit.com,2026-05-06T04:25:04Z,"task-358: Show error details for Holman/WMS failures in BYOV audit list"
1f659b597b6bfa4448fd1a2a746a0118648f0034,tmotard,39197349-tmotard@users.noreply.replit.com,2026-05-06T04:23:44Z,"Add new nexus integration mockups to the component list"
06c17f415f630178d9d882d8175574faeb334d88,tmotard,39197349-tmotard@users.noreply.replit.com,2026-05-06T04:23:22Z,"task-329: Add --dry-run and --dry-run-with-reads modes to bulk-byov-assign.ts"
b19c7341476b4b410c103528fee56e42378ee504,tmotard,39197349-tmotard@users.noreply.replit.com,2026-05-06T04:23:22Z,"Git commit prior to merge"
f4540ed530c61afde2c7f83e376ea124eabce56e,tmotard,39197349-tmotard@users.noreply.replit.com,2026-05-06T04:23:14Z,"Show filter-aware empty messages on filterable tables across the app (task-333)"
72ee0a2cc6e33388d017ea63fadad1d03cd6d8e3,tmotard,39197349-tmotard@users.noreply.replit.com,2026-05-06T04:22:55Z,"Saved progress at the end of the loop"
caa4a8c6837b4b77fbe9ab428e58d95e043f1c99,tmotard,39197349-tmotard@users.noreply.replit.com,2026-05-06T04:22:54Z,"Task #337: Show inline hint text under disabled buttons when a form is missing required fields"
0d6573c8344a2a4a15fdd8b53c901ccd700ef87e,tmotard,39197349-tmotard@users.noreply.replit.com,2026-05-06T04:22:54Z,"Git commit prior to merge"
e46c7685cd5fee83a668b8536223bc40d3a89863,tmotard,39197349-tmotard@users.noreply.replit.com,2026-05-06T04:22:43Z,"Task #349: Let admins grant BYOV Bulk Upload access to custom roles in bulk"
c3588f1a013732c4a0b9ce25c38c4bf96b9202b3,tmotard,39197349-tmotard@users.noreply.replit.com,2026-05-06T04:22:35Z,"Task #360: Refresh the Holman vehicle cache after a successful BYOV submission"
9402787108d2a83a35cd78f1f1d8abfd7e1ca970,tmotard,39197349-tmotard@users.noreply.replit.com,2026-05-06T04:22:28Z,"Task 361: Make the BYOV duplicate check visible in the audit log"
cf25bc46628bb632a702137d398be24f5aea3cdd,tmotard,39197349-tmotard@users.noreply.replit.com,2026-05-06T04:06:24Z,"Update component imports for Nexus integration and home redesign"
d299c68eb8279b8b5818ce171d1c9494a65ec709,tmotard,39197349-tmotard@users.noreply.replit.com,2026-05-06T04:06:04Z,"Add new components for Nexus integration and update existing ones"
3cfbc21f6c6638fef047ea7cf1ddac63196a756a,tmotard,39197349-tmotard@users.noreply.replit.com,2026-05-06T04:05:55Z,"Add Export CSV button to restored-run notice banner in byov-bulk-upload"
430a980ad42f8a5cd073692f1ceb8c6f82054790,tmotard,39197349-tmotard@users.noreply.replit.com,2026-05-06T04:05:51Z,"feat: Add BYOV summary card to fleet management page (Task #351)"
b05e8b3965f993f1c72aa9877fea0d43deb31871,tmotard,39197349-tmotard@users.noreply.replit.com,2026-05-06T04:05:24Z,"Task #342: Refresh Holman vehicle cache after successful BYOV creation"
5e81ca841b3c97c291b6da777118c812c5db4072,tmotard,39197349-tmotard@users.noreply.replit.com,2026-05-06T04:05:04Z,"Update component imports for Nexus integration and home redesign sections"
c6230329407c5173d65992e0a9b5e30a0bff3d53,tmotard,39197349-tmotard@users.noreply.replit.com,2026-05-06T04:04:44Z,"Add new nexus integration components to the mockups"
2f818a1dbb8ff836f0ce158a0b349fefdf339b75,tmotard,39197349-tmotard@users.noreply.replit.com,2026-05-06T04:04:34Z,"Task #336: Show exact Holman/WMS error in warning badge tooltip"
5e0fa8dc1bfcf7b3243c13a268a0d4df3720f826,tmotard,39197349-tmotard@users.noreply.replit.com,2026-05-06T04:04:22Z,"Task #327: Add scheduled BYOV assignment drift check"
c496192c928e97402b34d1496fc13a25b8857cbd,tmotard,39197349-tmotard@users.noreply.replit.com,2026-05-06T04:03:43Z,"task-343: Add live Holman check when pre-flight cache finds no match"
e0c43b90355bb88f0218089cf8d4a260a286f4c1,tmotard,39197349-tmotard@users.noreply.replit.com,2026-05-06T04:03:41Z,"Task #346: Make vehicle number in BYOV submission detail dialog clickable"
6f3c8162ccea88fbad26262da2a44c42d46af74b,tmotard,39197349-tmotard@users.noreply.replit.com,2026-05-06T04:03:39Z,"task-350: Remember the BYOV filter between fleet list visits"
582ff4dd77e5351eba0d14279ea928216022ab6f,tmotard,39197349-tmotard@users.noreply.replit.com,2026-05-06T04:00:36Z,"Update component generation for about page mockups"
f7b3d6825434201f3ad825d7da744732a5efd0e2,tmotard,39197349-tmotard@users.noreply.replit.com,2026-05-06T04:00:21Z,"task-326: Add repair-byov-assignments.ts to auto-fix failed BYOV verifications"
6438ec55231074d8d367e9ada4b52760f8218b12,tmotard,39197349-tmotard@users.noreply.replit.com,2026-05-06T03:59:54Z,"Update component mapping for nexus integration features"
0d6e41b38f5f4b511ca198bcae56b2ca2c7a7a24,tmotard,39197349-tmotard@users.noreply.replit.com,2026-05-06T03:59:44Z,"Task #332: Add BYOV column to fleet list Excel (CSV) export"
d3feabd372b49e3122d2883f23c907d9bf5a6538,tmotard,39197349-tmotard@users.noreply.replit.com,2026-05-06T03:59:34Z,"task-328: Document and confirm BYOV Bulk Upload patch coverage for custom roles"
723a683a443b85dd7e4a3d6aaab06e3ad17f2692,tmotard,39197349-tmotard@users.noreply.replit.com,2026-05-06T03:59:16Z,"Add new components to the mock interface for Nexus integration"
1d9efd5abd7f457bd827cee1b4beb6e1000bf007,tmotard,39197349-tmotard@users.noreply.replit.com,2026-05-06T03:58:54Z,"task-331: Add BYOV Yes/No filter toggle to Fleet Vehicle Table"
ddef1d23ac7599e4cf217ad2dc877c0f4c58b2db,tmotard,39197349-tmotard@users.noreply.replit.com,2026-05-06T03:58:45Z,"task-334: Prevent duplicate Holman entries when retrying a failed BYOV creation"
2530ba8c0245fee23d773e9ac8f1ae7a9ee6b32a,tmotard,39197349-tmotard@users.noreply.replit.com,2026-05-06T03:58:15Z,"Task #339: Let users click a vehicle number in the audit log to jump to its fleet record"
4f4a869f2de0fdfb93a42b5d3315001b23d03f10,tmotard,39197349-tmotard@users.noreply.replit.com,2026-05-06T03:58:12Z,"task-340: Add "Dismiss saved results" button to restored-run notice banner"
b7f75e8ac4edbb271c97b30f71465f456eabf08f,tmotard,39197349-tmotard@users.noreply.replit.com,2026-05-06T03:52:12Z,"Task #319: Remember the last-used export date range between visits on the BYOV page"
045bf9cbba6c11af51d7fb4d5c9ec699f4fe4d78,tmotard,39197349-tmotard@users.noreply.replit.com,2026-05-06T03:51:44Z,"Task #309: Show a visual indicator when a decommissioning truck's contact is locked in"
6deeb8a08c32ded03ea5a38fceb8376772daea5d,tmotard,39197349-tmotard@users.noreply.replit.com,2026-05-06T03:51:33Z,"Apply hover-tooltip pattern to disabled buttons across the app (Task #317)"
7e0419f09614c02deaf361305f7f1c5221ec401c,tmotard,39197349-tmotard@users.noreply.replit.com,2026-05-06T03:51:04Z,"feat(byov): surface Holman/WMS failures on BYOV creation note badge"
a89bef12bb5493b1e051ea5785fe222725f7eb6c,tmotard,39197349-tmotard@users.noreply.replit.com,2026-05-06T03:51:01Z,"task-318: Show context-aware empty-state message in Submission History table"
b30a609edbecc44e6db3d79a99c39cc02e043804,tmotard,39197349-tmotard@users.noreply.replit.com,2026-05-06T03:50:41Z,"task(313): Show BYOV badge on fleet vehicle list rows"
8566d26ff5cdf27c8a8af98c9877e472386c7271,tmotard,39197349-tmotard@users.noreply.replit.com,2026-05-06T03:50:14Z,"Update mockups to include new about page components"
4265d3d48de08683a08f75bf2e86f51be38c49c5,tmotard,39197349-tmotard@users.noreply.replit.com,2026-05-06T03:50:05Z,"Add byovBulkUpload to role permissions system"
41d57451275ad13de8af80a808d6320f932fb569,tmotard,39197349-tmotard@users.noreply.replit.com,2026-05-06T03:49:54Z,"task(298): Add BYOV assignment verification script for Holman + WMS"
b56d41e379c1d231df6eced2f90551ffaaa7acb5,tmotard,39197349-tmotard@users.noreply.replit.com,2026-05-06T03:49:15Z,"Task #320: Show BYOV submission details on the audit log page"
f4d5ae7a1b90912548f6355ffb9bc15f2702dbeb,tmotard,39197349-tmotard@users.noreply.replit.com,2026-05-06T03:49:13Z,"task-322: Persist BYOV bulk upload results across page reloads"
71ce90a796cf028af7907620a4d2749ca030fe5b,tmotard,39197349-tmotard@users.noreply.replit.com,2026-05-06T03:49:11Z,"task-325: Apply duplicate-safe retry logic to main BYOV truck creation endpoint"
b207a851b96ff28c34a234a8ab843b0c26050c8f,tmotard,39197349-tmotard@users.noreply.replit.com,2026-05-06T03:43:18Z,"Handle WMS 'tech already has a different truck' conflicts during BYOV assignment"
fb31ba35a68aeddbaa041c53127e289d45c0968b,tmotard,39197349-tmotard@users.noreply.replit.com,2026-05-06T03:42:23Z,"Task #301: Prevent WMS duplicate errors by checking if truck already exists before retrying"
bd71d0a5ba86a5bfd83937b149c9266687778eb5,tmotard,39197349-tmotard@users.noreply.replit.com,2026-05-06T03:42:21Z,"feat(byov-bulk-upload): add Export results CSV button to run summary card"
b6e8920ec62b120dd55c016b8a2b7ba37fd0bc01,tmotard,39197349-tmotard@users.noreply.replit.com,2026-05-06T03:40:47Z,"Task 314: Link the BYOV creation note to the full audit log entry for that vehicle"
405ea9e01b88f906592ea51a14aaa452f77c179d,tmotard,39197349-tmotard@users.noreply.replit.com,2026-05-06T03:40:45Z,"feat: Add quick date range presets to BYOV export controls (Task #316)"
b9421f37f086b78a06ce15ec00353a0ca6a1a16e,tmotard,39197349-tmotard@users.noreply.replit.com,2026-05-06T03:40:43Z,"Task #315: Filter the on-screen Submission History table by the selected date range"
ec8a549fff6ed2c0e3e3c361956fc83eff3a96e8,tmotard,39197349-tmotard@users.noreply.replit.com,2026-05-06T03:38:59Z,"task-311: Show clearer reason when submit button is greyed out"
4725e4f50ed16392d9f2d9fdb8fea7bdf26a0644,tmotard,39197349-tmotard@users.noreply.replit.com,2026-05-06T03:36:49Z,"feat(byov): let admins filter the BYOV export by date range (task-312)"
fbfe5e92427e460de9a1d14ae8ced668c2727d96,tmotard,39197349-tmotard@users.noreply.replit.com,2026-05-06T03:32:30Z,"Task 305: Show who created a BYOV vehicle in the fleet vehicle detail view"
706a90ffc70a0721edb5fbaf1db02adb355f141d,tmotard,39197349-tmotard@users.noreply.replit.com,2026-05-06T03:30:29Z,"Task #304: Let admins export the BYOV submission history as a spreadsheet"
3fe91d2f49c49ece329043b00bb58c33ba1eca96,tmotard,39197349-tmotard@users.noreply.replit.com,2026-05-06T03:30:27Z,"Task #310: Show visual cue on submit button when confirmation dialog blocks it"
985d4fd4fdbdfaa8baa46498724a58d1c8f74f64,tmotard,39197349-tmotard@users.noreply.replit.com,2026-05-06T03:20:25Z,"task-300: Block submit button while confirmation dialog is open"
c682210f2bbb7a3f1d7c86767a843466e4ef4ef6,tmotard,39197349-tmotard@users.noreply.replit.com,2026-05-06T03:11:59Z,"Task #293: Log BYOV vehicle creations to an audit trail"
57e1c64c38eb7356bd75dad603631ab1601937db,tmotard,39197349-tmotard@users.noreply.replit.com,2026-05-06T03:09:39Z,"Git commit prior to merge"
dadecc23a1e6ea7a2ff430e616ad1c94623b15aa,tmotard,39197349-tmotard@users.noreply.replit.com,2026-05-06T03:09:23Z,"feat: Add BYOV bulk-upload UI for CSV-driven vehicle creation (#297)"
d321f989d59af5b251731cea8821d6abab8bc48d,tmotard,39197349-tmotard@users.noreply.replit.com,2026-05-06T03:01:56Z,"feat: add confirmation dialog before BYOV vehicle submission (task #292)"
4433cf944447c106732d9121c926ed65e541a3f9,tmotard,39197349-tmotard@users.noreply.replit.com,2026-05-06T03:00:56Z,"Add nexus integration components to the mockups"
468eeb9c464c4f34822fb9b4e74ec8c45eef57f8,tmotard,39197349-tmotard@users.noreply.replit.com,2026-05-06T03:00:39Z,"Task #296: Add bulk BYOV vehicle assignment script"
2e996876a6f39f2afdd5bc9932cd0a0fb6cd64e9,tmotard,39197349-tmotard@users.noreply.replit.com,2026-05-06T03:00:23Z,"task-294: Guard against WMS duplicate when Holman succeeds but WMS fails (BYOV)"
7bbb10a95a48599162596be2f3ead1a5c74391a3,tmotard,39197349-tmotard@users.noreply.replit.com,2026-05-06T03:00:03Z,"Task #290: Freeze decommissioning contact match when a conversation is active"
5d8cd3f00d0dd1baf1806be346798ab858adbc6c,tmotard,39197349-tmotard@users.noreply.replit.com,2026-05-06T02:58:55Z,"Task #290: Freeze decommissioning contact match when a conversation is active"
695fde32c738967e3124382cefcf52d8b61d5ece,tmotard,39197349-tmotard@users.noreply.replit.com,2026-05-06T02:56:24Z,"Task #290: Freeze decommissioning contact match when a conversation is active"
04dd51b48e93344264c8f4691379581687d01da9,tmotard,39197349-tmotard@users.noreply.replit.com,2026-05-06T02:54:14Z,"Task #290: Freeze decommissioning contact match when a conversation is active"
03568a3394c63429b16bf90a6d72c3f08dac60a0,tmotard,39197349-tmotard@users.noreply.replit.com,2026-05-06T02:48:34Z,"Transitioned from Plan to Build mode"
1f575ebeb7cdc64ddda2d376da8001afd09a27b9,tmotard,39197349-tmotard@users.noreply.replit.com,2026-05-06T02:43:44Z,"Task #295: Bulk BYOV Vehicle Creation — Holman & WMS"
a265600bb0f70e30cf4def6e7a848f8ccb15a708,tmotard,39197349-tmotard@users.noreply.replit.com,2026-05-06T02:25:12Z,"Published your App"
e05263200ea7600f9504536ffcc820edec0cc68a,tmotard,39197349-tmotard@users.noreply.replit.com,2026-05-06T01:33:42Z,"Fix BYOV form: eliminate any-casts, decouple public route, full required-field enforcement"
e4bfb9e3fb059462cf0a8289f93aa326df56517e,tmotard,39197349-tmotard@users.noreply.replit.com,2026-05-06T01:33:41Z,"Git commit prior to merge"
da6491c2cca98a143484cfa12b4b1bb79eb143bc,tmotard,39197349-tmotard@users.noreply.replit.com,2026-05-04T22:30:16Z,"Published your App"
4bed43c5a62e63a12679b080ddaaf1e8b5909d0c,tmotard,39197349-tmotard@users.noreply.replit.com,2026-05-04T22:22:36Z,"Fix error when summarizing truck data with JSON formatting"
514b478a4a1e80c11091486b5fca5cf656d04521,tmotard,39197349-tmotard@users.noreply.replit.com,2026-05-03T02:27:01Z,"Published your App"
9f9e6c216d71462e6baccf6f4cef6e92c8b7fc31,tmotard,39197349-tmotard@users.noreply.replit.com,2026-05-03T02:16:15Z,"Fix error when syncing supervisor contact information"
c58c027aec1e4266b7e76861b3a11a19940660e6,tmotard,39197349-tmotard@users.noreply.replit.com,2026-05-03T02:00:14Z,"Published your App"
0b46f1bb74e01e19ae198d9d7882e720e2fda875,tmotard,39197349-tmotard@users.noreply.replit.com,2026-05-03T01:51:21Z,"Add diagnostic logging to pinpoint Snowflake query errors"
8703c4a93c1a225a7c4e60593d3c7039074518e3,tmotard,39197349-tmotard@users.noreply.replit.com,2026-05-03T01:42:44Z,"Published your App"
abdedac5f682d25042fca12a5cfbc1c60b52e9d2,tmotard,39197349-tmotard@users.noreply.replit.com,2026-05-03T01:33:41Z,"Fix: profitability sync still failing on empty-string in IHR_UNIT_ECONOMICS"
3f0cbc09914574e79639b300d1817387f4e60a5e,tmotard,39197349-tmotard@users.noreply.replit.com,2026-05-03T01:31:04Z,"Fix: New Rentals decision log missing supervisor / state / district"
ab7850115a619eeb5d8a8a893646a3f9e3b01bcc,tmotard,39197349-tmotard@users.noreply.replit.com,2026-05-03T01:28:34Z,"Persist supervisor and location data for rental decisions"
514a4b3a68d09e6bebd17a717a548372c7ce2e5d,tmotard,39197349-tmotard@users.noreply.replit.com,2026-05-03T01:08:26Z,"Published your App"
06d0232f759629364a7da3a9be1fb6bbb4cadaaa,tmotard,39197349-tmotard@users.noreply.replit.com,2026-05-03T00:57:51Z,"Fix: VRM profitability check stuck at "preparing" in production"
22a7a5a02d4ac4c4c510b1363cd74c045cad46e6,tylermorgan24,50190904-tylermorgan24@users.noreply.replit.com,2026-05-02T18:48:45Z,"VRM: Backfill the three Apr 30 2026 mid-rebuild Decision Log rows"
3350d79e052ec985d82f64c706cdd94af7f5b736,tylermorgan24,50190904-tylermorgan24@users.noreply.replit.com,2026-05-02T18:48:44Z,"Git commit prior to merge"
4a9fa3d88d1e46b066e6fb046291f335e2c7d133,tylermorgan24,50190904-tylermorgan24@users.noreply.replit.com,2026-05-02T18:30:20Z,"VRM: add admin Profitability Snapshot Health card with Sync Now button"
8bb63c4845dd380132bcdf13fc35a2b5b1653d8c,tmotard,39197349-tmotard@users.noreply.replit.com,2026-05-02T17:36:30Z,"VRM: normalize tech/supervisor names + show supervisor & SMS status in Decision Log"
04cc8dcdcafd9c8e35a923c5d9f1c57b7bf3be55,tmotard,39197349-tmotard@users.noreply.replit.com,2026-05-02T16:09:53Z,"Add new mockup components for different sections of the application"
8795d729dafad2d79fcfdc163e498e37119b4216,tmotard,39197349-tmotard@users.noreply.replit.com,2026-05-02T15:59:41Z,"Add page components to the mock-up generation system"
2302ae845bfb13b73d5bad5425a941f74c88a1a2,tmotard,39197349-tmotard@users.noreply.replit.com,2026-05-02T03:36:10Z,"Add new mockups for the about page and nexus integration sections"
f0e5915c10be200a13c1048bed459cf250d19e2d,tmotard,39197349-tmotard@users.noreply.replit.com,2026-05-02T03:02:20Z,"VRM: fix "Sync from Snowflake" — rename TRUCK_NUMBER → VEHICLE_NUMBER on Nexus view"
d21e2cdcc933f836fe2d51bd82644a9271c4af1b,tmotard,39197349-tmotard@users.noreply.replit.com,2026-05-01T21:08:21Z,"Published your App"
b0e31967b0a28161f05c3fc09eb526940c7c7b93,tmotard,39197349-tmotard@users.noreply.replit.com,2026-05-01T18:47:45Z,"fix(vrm): dark-mode rendering in DecisionDetailPanel + related side panels"
c43f213baeb18714eb2ac0199fcf8d20223c38e0,tmotard,39197349-tmotard@users.noreply.replit.com,2026-05-01T18:38:54Z,"VRM: configurable deny notification templates + sortable New Rentals tables"
4240d3298c8bb2a8880fe01c29a2185356420ed4,tmotard,39197349-tmotard@users.noreply.replit.com,2026-05-01T17:51:25Z,"fix(vrm): supervisor TPMS phone backfill + day-one live fallback"
b456950c36db4ea033c85a025ce61503b3d31f0e,tmotard,39197349-tmotard@users.noreply.replit.com,2026-05-01T17:45:40Z,"fix(vrm): backfill supervisor TPMS phone from in-memory TPMS_EXTRACT"
b25ec0092131f52d71050b64529b38cbfa79c013,tmotard,39197349-tmotard@users.noreply.replit.com,2026-05-01T17:30:48Z,"VRM /new-rentals: Decision Log mirrors Evaluation Results columns"
6f868984216414234921e11526032cca3308a711,tmotard,39197349-tmotard@users.noreply.replit.com,2026-05-01T17:21:02Z,"VRM New Rentals: badge label reflects actual exemption reason (union vs CA)"
4ed6d9a8ac797e1c4028c0b2fd02a6a41da0f1a9,tmotard,39197349-tmotard@users.noreply.replit.com,2026-05-01T17:17:35Z,"VRM New Rental Full Log: fix Approve/Deny/Decline buttons in dark mode"
2f3ac14447b4ce7b5eb6801d3fd36002c0608561,tmotard,39197349-tmotard@users.noreply.replit.com,2026-05-01T17:11:40Z,"VRM Dashboard: fix Snowflake N.TRUCK_LISTED_FOR_RENTAL + add evaluator columns"
f4fcbbb4eaff3402050f3ddf24a662154f2a0fed,tmotard,39197349-tmotard@users.noreply.replit.com,2026-05-01T16:55:11Z,"Add images to document dashboard changes and clarify functionality"
b5cb5888a89d62c81da7923e52da7841e8f55995,tmotard,39197349-tmotard@users.noreply.replit.com,2026-05-01T16:47:56Z,"Improve name matching accuracy in discrepancy checks"
744ce02bf7cd699d605428cd7cb41b84808a93c0,tmotard,39197349-tmotard@users.noreply.replit.com,2026-05-01T16:42:51Z,"VRM Decision Log: add Decision, Notes, Date columns mirroring evaluation step"
32222272a3d55bd390fd6a79c7dc675d1971fc7d,tmotard,39197349-tmotard@users.noreply.replit.com,2026-05-01T16:34:12Z,"Add new nexus integration mockups to the component map"
8fef60c606bcea75ca83a54f27ac88282bbff750,tmotard,39197349-tmotard@users.noreply.replit.com,2026-05-01T16:28:10Z,"No-op fix: investigate "Start application crashed" report — server is healthy"
145f8966c101d2ab52719a51c11fca92bd3c5a6f,tmotard,39197349-tmotard@users.noreply.replit.com,2026-05-01T16:22:56Z,"VRM dashboard consolidation: discrepancies, active rentals summary, decision log expansion, CSV export"
4a39d549bf66a389a0a032168529c0a642747d0f,tmotard,39197349-tmotard@users.noreply.replit.com,2026-05-01T15:50:31Z,"Fix dark-mode contrast bugs in VRM Rental Repair Tracker"
e0e21c69b6ec2f1324119d32eccccb7b0dbbe5a5,tmotard,39197349-tmotard@users.noreply.replit.com,2026-05-01T15:37:25Z,"Update dashboard to better show rental discrepancies and profitability data"
f7f0b98026804e6334dc62db8d61c42fad68c965,tmotard,39197349-tmotard@users.noreply.replit.com,2026-05-01T15:04:16Z,"VRM: TPMS_EXTRACT supervisor lookup, no-phone-only surfacing, full-width Settings"
145fb27e3443162beb977b8ef544107dfccc718f,tmotard,39197349-tmotard@users.noreply.replit.com,2026-05-01T14:49:18Z,"VRM supervisor contact overrides: support phone OR email OR both"
de2bb455e928558b3405dfbc90b2fa9966e55e91,tmotard,39197349-tmotard@users.noreply.replit.com,2026-05-01T14:32:23Z,"VRM: roster-driven profitability snapshot + notifications + supervisor overrides"
a14ede17b3d1416170df1e43f45adc663eca4140,tmotard,39197349-tmotard@users.noreply.replit.com,2026-05-01T14:28:00Z,"VRM: roster-driven profitability snapshot + notifications + supervisor overrides"
5ccfe57c2e04991f69b443c020fab539dc56d6c2,tmotard,39197349-tmotard@users.noreply.replit.com,2026-05-01T13:49:58Z,"Add new component mocks for the about page section"
76c11cc1a663749e7747c1ebb01540b3d0025056,tmotard,39197349-tmotard@users.noreply.replit.com,2026-05-01T13:46:25Z,"Update component imports for Nexus integration and About page tabs"
4d60cc67cb608d1741faeb88894793165e49be9e,tmotard,39197349-tmotard@users.noreply.replit.com,2026-05-01T12:14:03Z,"Update component generation to include about page mockups"
6aa1111f318cd0d7f1977c1ada188f68a761b960,tmotard,39197349-tmotard@users.noreply.replit.com,2026-05-01T06:18:09Z,"Fix VRM profitability eval panel via once-daily cached snapshot"
02c95d38636b0430c95b2b1e4a6a74da8d5dbe2b,tmotard,39197349-tmotard@users.noreply.replit.com,2026-05-01T06:14:45Z,"Fix VRM profitability eval panel via once-daily cached snapshot"
aff6b33b7062c2f8b77bfc6f3385ead1ed38ba01,tmotard,39197349-tmotard@users.noreply.replit.com,2026-05-01T06:11:29Z,"Fix VRM profitability eval panel via once-daily cached snapshot"
7104f04f2b3edec8488ec5281bdddd6f94ccd6c4,tmotard,39197349-tmotard@users.noreply.replit.com,2026-05-01T06:09:35Z,"Fix VRM profitability eval panel via once-daily cached snapshot"
ffb74f6d84d8af9c2bda08dae7d120e9ad850a73,tmotard,39197349-tmotard@users.noreply.replit.com,2026-05-01T06:05:44Z,"Fix VRM profitability eval panel via once-daily cached snapshot"
2332da484080f063d5b76dc2bd2ea5deb5299804,tmotard,39197349-tmotard@users.noreply.replit.com,2026-05-01T06:00:04Z,"Fix VRM profitability eval panel via once-daily cached snapshot"
8c5ab4097df15dae56b5dd5665bf598449e03335,tmotard,39197349-tmotard@users.noreply.replit.com,2026-05-01T05:55:26Z,"feat(vrm): cached-snapshot architecture for profitability evaluation"
77eb0b4a12b7786bfb7d9aa163f199e292688d84,tmotard,39197349-tmotard@users.noreply.replit.com,2026-04-30T23:01:16Z,"Saved your changes before starting work"
8153f8a5e063940328a44954bd74a3966289d4c4,tmotard,39197349-tmotard@users.noreply.replit.com,2026-04-30T20:14:46Z,"Analyze peak WMS integration times and data refresh cycles"
edd7341ff982a9bcf997f71c28d5f60baceb9b17,tmotard,39197349-tmotard@users.noreply.replit.com,2026-04-30T17:52:56Z,"Update component mapping for about page mockups"
9b7d298bba13c9cc80cbba25fa2a3cf2e6942292,tmotard,39197349-tmotard@users.noreply.replit.com,2026-04-30T17:43:33Z,"Update component imports to reflect current project structure"
a387615bfd6876214619768beb45d6effa41b396,tmotard,39197349-tmotard@users.noreply.replit.com,2026-04-30T17:32:30Z,"Published your App"
7f420f987e3c8a4f3740c2921629f29f54418ae5,tmotard,39197349-tmotard@users.noreply.replit.com,2026-04-30T17:26:01Z,"Task #284: Batch caller — replace fixed-chunk loop with 5-slot concurrency pool"
9f3689f56de5734dfcae526ff3f428e850dfabb4,tmotard,39197349-tmotard@users.noreply.replit.com,2026-04-30T17:24:17Z,"Task #284: Batch caller — replace fixed-chunk loop with 5-slot concurrency pool"
addb419494548771f2eb9afc7075d94f1d7627ae,tmotard,39197349-tmotard@users.noreply.replit.com,2026-04-30T17:22:22Z,"Transitioned from Plan to Build mode"
a5e991f33dde8842fa8f5397693789b8e51be03f,tmotard,39197349-tmotard@users.noreply.replit.com,2026-04-30T16:56:57Z,"Saved your changes before starting work"
f4ec6b979e997260dc5c06d801e5bce996aed2dc,tmotard,39197349-tmotard@users.noreply.replit.com,2026-04-30T16:17:34Z,"Published your App"
879bad07e1c3a0ada40d3dc1a75f7a98c9febd28,tmotard,39197349-tmotard@users.noreply.replit.com,2026-04-30T15:54:54Z,"Improve rental search readability in dark mode"
4f01062455c5f0158739e34e58818d12a9053a8f,tmotard,39197349-tmotard@users.noreply.replit.com,2026-04-30T15:49:45Z,"Remove leading zeros from district numbers in UI and backend"
b6b4f2365547c8742163fb07e49793f6f2940749,tmotard,39197349-tmotard@users.noreply.replit.com,2026-04-30T15:47:00Z,"Expand union exemption to include California"
354b7a7c8cdf2bd36eed74993d550509b592163d,tmotard,39197349-tmotard@users.noreply.replit.com,2026-04-30T15:35:49Z,"Add technician state and district to rental evaluations"
9c399f071a55d753df84e85537db1fe80f0b88e1,tmotard,39197349-tmotard@users.noreply.replit.com,2026-04-30T15:33:49Z,"Published your App"
11053c9cd8e4b2185d22c217b2c47bfeadff95ba,tmotard,39197349-tmotard@users.noreply.replit.com,2026-04-30T15:27:01Z,"Update component registration to include about page mockups"
9d22f82ab940b4c99dca9020b22465c312aa9bfd,tmotard,39197349-tmotard@users.noreply.replit.com,2026-04-30T15:22:58Z,"Update phone number for outbound calls and adjust component generation"
2e9c70120970614fd842ff1c7a58e8e11e8d3836,tmotard,39197349-tmotard@users.noreply.replit.com,2026-04-30T14:30:27Z,"Published your App"
1335090d8733137aabe226be92f15a54b59db362,tmotard,39197349-tmotard@users.noreply.replit.com,2026-04-29T19:33:53Z,"Add exportable file with detailed cost center audit results"
1f4cb3d620a67347def1532a9d1f8207ef105e3a,nicolemartin4,39215150-nicolemartin4@users.noreply.replit.com,2026-04-29T19:30:54Z,"Add negative AMS cache guard test for "failed" status"
24594629d3adf9c0327174dde86a7013d4ff314f,nicolemartin4,39215150-nicolemartin4@users.noreply.replit.com,2026-04-29T19:30:38Z,"feat: Add "Email CSV" button to cost center history panel"
aacc6e5f715b84e88b051fe5646c3f566fc56569,tmotard,39197349-tmotard@users.noreply.replit.com,2026-04-29T19:30:23Z,"Add image with employee profitability and status data"
164a88a2f9c8fa0452fc915e95af494560b7a617,tmotard,39197349-tmotard@users.noreply.replit.com,2026-04-29T19:21:18Z,"Add profitability export with detailed technician classifications"
86dd7309003dabcebf435b834451f4bd7d7168c5,tmotard,39197349-tmotard@users.noreply.replit.com,2026-04-29T19:19:30Z,"Improve calculation of technician working days by excluding weekends"
7fff09cf3ed903a1c06fb5f9d87f52818946d84e,tmotard,39197349-tmotard@users.noreply.replit.com,2026-04-29T19:07:14Z,"Update technician list with new approved and denied names"
9d7236550f11a7f2299c0db89708df26aeb176a2,nicolemartin4,39215150-nicolemartin4@users.noreply.replit.com,2026-04-29T18:22:22Z,"Add Download CSV button to cost center Change History sheet"
b5b100c90a422eccb0781c0f2ce983c08957b5ed,nicolemartin4,39215150-nicolemartin4@users.noreply.replit.com,2026-04-29T18:19:56Z,"Add Holman pending cache test to catch stale-state regression (task-272)"
503960fcf6d93f95e2b688d117bafeb4fefa9c77,tmotard,39197349-tmotard@users.noreply.replit.com,2026-04-29T18:19:33Z,"Update Luca ElevenLabs shop agent ID and API key (Task #279)"
9de7e4a3b7beb54c0ab616ca288798c12bce54aa,nicolemartin4,39215150-nicolemartin4@users.noreply.replit.com,2026-04-29T18:18:09Z,"Persist top-bar mainStatusFilter and subStatusFilter in localStorage"
05c7359976c18c5e3608c848e1427b488064699d,nicolemartin4,39215150-nicolemartin4@users.noreply.replit.com,2026-04-29T18:18:09Z,"Git commit prior to merge"
e27de1563352eaadb89e5394ed8766fce0025cc3,nicolemartin4,39215150-nicolemartin4@users.noreply.replit.com,2026-04-29T18:18:06Z,"Add new-message badge to RegConversations (task #241)"
db516dcac5c276951bd110cc62b7b3e0c0d9912e,nicolemartin4,39215150-nicolemartin4@users.noreply.replit.com,2026-04-29T18:17:57Z,"Task #242: Preserve unread badge count when conversation panel is reopened"
81092107bf7c14f59f065be7fcdf9e1c97300b0f,nicolemartin4,39215150-nicolemartin4@users.noreply.replit.com,2026-04-29T18:17:57Z,"Git commit prior to merge"
2cf6f7ed823cfbbc6fcdfb5baf4aa09c370e4abe,nicolemartin4,39215150-nicolemartin4@users.noreply.replit.com,2026-04-29T18:17:42Z,"Paginate cost center history so large change logs load quickly (Task #246)"
165ead4058ab3d9bf06b50848d109cfa3e88d1a7,nicolemartin4,39215150-nicolemartin4@users.noreply.replit.com,2026-04-29T18:17:34Z,"Show cost centers in district filter dropdowns across all screens"
2adbf45dd9471395530f3fe10e732fe0fe13c3ca,nicolemartin4,39215150-nicolemartin4@users.noreply.replit.com,2026-04-29T18:17:25Z,"task: Verify and harden rate labels in New Rentals tables (Task #249)"
a59ab696b699fb67fa9a6dc0ff1ff01126ebedbc,nicolemartin4,39215150-nicolemartin4@users.noreply.replit.com,2026-04-29T18:17:18Z,"Task #250: Show a history of rate changes in the VRM Settings page"
db8ca36489cd9ef969b6cbd06f5fdf8205a8b48e,nicolemartin4,39215150-nicolemartin4@users.noreply.replit.com,2026-04-29T18:17:09Z,"feat: Add Retry button to sync badges on truck detail page (Task #252)"
0a3e20f50d01f3ea824a07f43317213c76bbe49a,nicolemartin4,39215150-nicolemartin4@users.noreply.replit.com,2026-04-29T18:17:02Z,"feat: show sync status badges on fleet vehicle list cards (task #251)"
226bcab98f942aaecddf9718e06d22929dff72f2,tmotard,39197349-tmotard@users.noreply.replit.com,2026-04-29T18:16:44Z,"Update mockups to include nexus integration components"
fc2cfee74fd935d9666fbd028f074cb5ed3dd7ab,nicolemartin4,39215150-nicolemartin4@users.noreply.replit.com,2026-04-29T18:15:52Z,"Add AMS cache alignment integration test to the regression suite"
e40338757fdb7fc5e04616c0fa39972c105ad4a0,nicolemartin4,39215150-nicolemartin4@users.noreply.replit.com,2026-04-29T18:15:45Z,"Add Holman cachePayload unit test coverage to vehicle-61385-write-through.test.ts"
afc81ecdc05214f6ae4357b7a3ca17300df36df8,nicolemartin4,39215150-nicolemartin4@users.noreply.replit.com,2026-04-29T18:15:38Z,"Add '-filtered' suffix to CSV/Excel filenames across all pages with exports"
bfa132c5ddef3fdbd41a0dae8c4941e8d0e93114,tmotard,39197349-tmotard@users.noreply.replit.com,2026-04-29T18:15:25Z,"Update agent ID for ElevenLabs integration and prepare for new API key"
fab23a5016e34cdb4354e14e0bab8f5240a630fa,nicolemartin4,39215150-nicolemartin4@users.noreply.replit.com,2026-04-29T17:40:37Z,"Task #247: Show cost centers on remaining district displays"
2842945ea70651cc51834f768ad4c119002fc55b,nicolemartin4,39215150-nicolemartin4@users.noreply.replit.com,2026-04-29T17:39:12Z,"feat(vrm): make fuel ($10/complete) and rental ($78/day) rates configurable"
ca7770ee2558f54c8ed67cadff2e6d92dc166837,nicolemartin4,39215150-nicolemartin4@users.noreply.replit.com,2026-04-29T17:37:36Z,"Add AMS cache alignment to the write-through unit tests"
82e27f8a3ec4f06bae232707f2986e58f0f8fba9,tmotard,39197349-tmotard@users.noreply.replit.com,2026-04-29T17:37:07Z,"Update component imports for improved application structure"
cd3933cba46e998256acdef9045c7f088891ce49,nicolemartin4,39215150-nicolemartin4@users.noreply.replit.com,2026-04-29T17:36:52Z,"feat: include '-filtered' suffix in CSV filename when a filter is active"
7010085a5b26a05d4f1df6e052863e15e29cf660,tmotard,39197349-tmotard@users.noreply.replit.com,2026-04-29T17:33:06Z,"Update component imports for mockups and integrations"
11b6eedd84226c3838ef1b2f6efbbcd4061e71f6,nicolemartin4,39215150-nicolemartin4@users.noreply.replit.com,2026-04-29T17:32:50Z,"feat: Show clear per-system sync status badges after fleet operations (Task #185)"
729519becc3a9e7f351af03fe3136b29fdb0b06a,tmotard,39197349-tmotard@users.noreply.replit.com,2026-04-29T17:32:00Z,"Update component mapping to include about page mockups"
63002c0df01770d0a0f8705b3a61de42bbab6ee2,nicolemartin4,39215150-nicolemartin4@users.noreply.replit.com,2026-04-29T17:31:49Z,"Filter CSV export to only the rows currently shown in the table"
1373dc1d0c9ce295b4bbc8d40ec2caa885e3339f,nicolemartin4,39215150-nicolemartin4@users.noreply.replit.com,2026-04-29T17:31:45Z,"Task #240: Persist Active Rentals column filters between visits"
10767c1d8445418f6cf0fa770ac46c2a43bf789a,tmotard,39197349-tmotard@users.noreply.replit.com,2026-04-29T17:30:09Z,"Update component generation to include about page mockups"
f09486a55058477c087f2621bc086e8bc0c85023,nicolemartin4,39215150-nicolemartin4@users.noreply.replit.com,2026-04-29T17:29:54Z,"task-186: Wire cache-alignment regression tests as automated validation steps"
0dd692d46906b47c979c33d159f6d38edf9923eb,nicolemartin4,39215150-nicolemartin4@users.noreply.replit.com,2026-04-29T17:28:36Z,"Task #214: Show the history of cost center changes per district"
c82e913279f76988585124949c4a9d2d31f3f290,nicolemartin4,39215150-nicolemartin4@users.noreply.replit.com,2026-04-29T17:27:38Z,"feat: Show cost centers on all remaining screens that list districts (task #212)"
bf0f199e7e6eb08ca3e0270f551c45088396efa1,nicolemartin4,39215150-nicolemartin4@users.noreply.replit.com,2026-04-29T17:27:32Z,"feat: Show 'new message' badge when a conversation column is scrolled up"
52b636cbbce1303d80b1a77fdf6db324b8bff4f9,tmotard,39197349-tmotard@users.noreply.replit.com,2026-04-29T17:24:38Z,"Add new nexus integration components to the application"
aa5533addb64cdf1419dcb663d963a10fd1d507d,tmotard,39197349-tmotard@users.noreply.replit.com,2026-04-29T17:24:19Z,"Update mockups to include nexus integration components"
1f370d6351fe6f670c7d5b9e195f65c747e78842,nicolemartin4,39215150-nicolemartin4@users.noreply.replit.com,2026-04-29T17:24:00Z,"Add "Download CSV" button to District Cost Centers Management page"
e52da3d65c9f74a96bf18992008c44ce07f02aa9,nicolemartin4,39215150-nicolemartin4@users.noreply.replit.com,2026-04-29T17:23:57Z,"feat: persist Active Rentals sort preference across navigation and refresh"
702a45e1365aa1ccd6f6c8a8528eb1ccc21af763,nicolemartin4,39215150-nicolemartin4@users.noreply.replit.com,2026-04-29T17:23:56Z,"Git commit prior to merge"
4fb050f0ff70ed901e47ee32846220980fb62d1b,LucaBuccilli1,47970482-LucaBuccilli1@users.noreply.replit.com,2026-04-29T17:18:55Z,"Auto-scroll both conversation columns when a new message arrives"
f26e58426e1eeab4fd6d522e11a2803849c91a61,tmotard,39197349-tmotard@users.noreply.replit.com,2026-04-29T17:15:20Z,"Update tooltip to accurately describe daily profit calculation"
cf026c8346904c9492abac6d2d3c6025f92a4191,tmotard,39197349-tmotard@users.noreply.replit.com,2026-04-29T17:13:59Z,"Task #237: Fix daily profit to use actual working days instead of ÷90"
5e622125d2ff33090dfbb75bdb4ac4e82f1c71fd,tmotard,39197349-tmotard@users.noreply.replit.com,2026-04-29T17:11:53Z,"Task #237: Fix daily profit to use actual working days instead of ÷90"
4656678c6fb93578148951f698d5172f4a9b1b0c,tmotard,39197349-tmotard@users.noreply.replit.com,2026-04-29T17:07:51Z,"Transitioned from Plan to Build mode"
9f0e8c7803c0585d25fd300ab3c85ca69d8af854,tmotard,39197349-tmotard@users.noreply.replit.com,2026-04-29T08:28:11Z,"Published your App"
d8dc675572606079372226cc6fbc6358beafd7ed,tmotard,39197349-tmotard@users.noreply.replit.com,2026-04-29T08:03:01Z,"Prevent incorrect vehicle matching due to malformed truck numbers"
8cb5de47817029ab9a9f536edfb00174db8e963a,tmotard,39197349-tmotard@users.noreply.replit.com,2026-04-29T08:00:37Z,"Task #234: Decomm batch text — truck routing, LDAP variable, split layout"
7e08316b66229b9cd462988a7e53cb989d12e80c,tmotard,39197349-tmotard@users.noreply.replit.com,2026-04-29T07:49:54Z,"Transitioned from Plan to Build mode"
7d981c963f123fc9ef1528fd70844c3f5c27aaa6,tmotard,39197349-tmotard@users.noreply.replit.com,2026-04-29T05:21:15Z,"Update active rental data processing with improved LDAP matching and name resolution"
7c41e95d714867a3622bc3aa535820230fbeae7c,tylermorgan24,50190904-tylermorgan24@users.noreply.replit.com,2026-04-29T03:40:19Z,"Fix gate classification colors for dark mode compatibility"
c80b6968b8ea0ea8fc1189a9771e1876650a5448,tylermorgan24,50190904-tylermorgan24@users.noreply.replit.com,2026-04-29T03:33:41Z,"Fix RentalRepairTracker dark mode row backgrounds (Task #231)"
5fa77cb42c3b04e252e26f9dd59ffcb6154bd1fa,LucaBuccilli1,47970482-LucaBuccilli1@users.noreply.replit.com,2026-04-28T21:42:06Z,"Task #221: Single nightly TPMS_EXTRACT snapshot for all consumers"
40a30b7c5986947d6a205eddf257f564faedb55f,seanchen37,46459421-seanchen37@users.noreply.replit.com,2026-04-28T21:37:30Z,"feat(active-rentals): add sortable Daily Net w/ Rental and Adj. Net columns"
cbfce847ef76e135e511b4c8c10cba3a0c45d615,tmotard,39197349-tmotard@users.noreply.replit.com,2026-04-28T21:37:08Z,"Update mock component generation to include nexus integration features"
e95770c079787bc50e2af4c5587adc9fc1198ec0,tmotard,39197349-tmotard@users.noreply.replit.com,2026-04-28T20:29:58Z,"Saved your changes before starting work"
fdeef785b3046499bc84b4f932cb90be1b7cd783,tmotard,39197349-tmotard@users.noreply.replit.com,2026-04-28T19:49:24Z,"Decommissioning Batch Text now auto-sends to BOTH tech and manager (Task #228)"
d4cd5c83a526f5fc53011089b70a0054a89057d0,tmotard,39197349-tmotard@users.noreply.replit.com,2026-04-28T19:29:44Z,"Transitioned from Plan to Build mode"
22ba08c0f764868bb072393e0da42972ed726546,tmotard,39197349-tmotard@users.noreply.replit.com,2026-04-28T18:52:22Z,"Preserve existing district information during vehicle data synchronization"
da1df9ec2914c04c595432964c966e4ff863bc6f,tmotard,39197349-tmotard@users.noreply.replit.com,2026-04-28T18:49:47Z,"Add ability to manually override vehicle district information"
e060511707a351e292efb64d92686b4256bcf34b,tmotard,39197349-tmotard@users.noreply.replit.com,2026-04-28T18:42:22Z,"Published your App"
b50a14d404833f2fe69cc8b07cc3365bb75e3b43,tmotard,39197349-tmotard@users.noreply.replit.com,2026-04-28T18:36:45Z,"Update vehicle district to show correct information on card"
c5984c7f27259ae3c7cd614d32c49bfb621b2e71,tmotard,39197349-tmotard@users.noreply.replit.com,2026-04-28T18:30:25Z,"Saved progress at the end of the loop"
8145d269b01f8aa0e39ba847fff1924501e6686a,tmotard,39197349-tmotard@users.noreply.replit.com,2026-04-28T15:39:09Z,"Published your App"
2a5764ffa98be94c39203857a4a39df1d7af55d9,tmotard,39197349-tmotard@users.noreply.replit.com,2026-04-28T15:25:54Z,"Add an Excel export feature to the VRM dashboard for comprehensive data analysis"
963ae9e0751b15bb94aedc4c3a2f6ae4acd9b9e6,tmotard,39197349-tmotard@users.noreply.replit.com,2026-04-28T15:19:20Z,"Published your App"
a88be975b8c62e4d43766d745a73ebddc1064542,tmotard,39197349-tmotard@users.noreply.replit.com,2026-04-28T15:09:21Z,"Add "Adjusted Net" column and fix empty state display"
210eaf1ce373952bd66526cc30f47f07ffc2a24b,tmotard,39197349-tmotard@users.noreply.replit.com,2026-04-28T15:06:59Z,"VRM Active Rentals: add Adj. Net (Gate-1) column"
5bb778f97f45ee88863e08808f4ed4a99f9b981e,tmotard,39197349-tmotard@users.noreply.replit.com,2026-04-28T15:03:52Z,"Transitioned from Plan to Build mode"
10f0360ca706447a2c7f354b1c21e9a4a3034d3a,tmotard,39197349-tmotard@users.noreply.replit.com,2026-04-28T14:56:23Z,"Published your App"
72af353764dbe644d9e367b5e4ef0e585d4474f2,tmotard,39197349-tmotard@users.noreply.replit.com,2026-04-28T14:23:40Z,"VRM Dashboard: add click-to-sort on Technicians table columns"
2b79ffd1d6507602f5351e7d8f91b58fe83328ac,tmotard,39197349-tmotard@users.noreply.replit.com,2026-04-28T14:18:34Z,"Transitioned from Plan to Build mode"
ab8ec93462da980935ea9c80b3010c3d42f747ef,tmotard,39197349-tmotard@users.noreply.replit.com,2026-04-28T14:14:18Z,"Saved your changes before starting work"
2da8fe4676bebda53461e225b962fb6fe3d63928,tmotard,39197349-tmotard@users.noreply.replit.com,2026-04-28T12:55:26Z,"Published your App"
75bc52dc71c665a265b131212bbbd47f0fd213af,tmotard,39197349-tmotard@users.noreply.replit.com,2026-04-28T11:54:51Z,"Implement a shared, in-process contact snapshot for faster TPMS data access"
50280e4b0998cb8c38c62190c8d7cbcd068da697,tmotard,39197349-tmotard@users.noreply.replit.com,2026-04-28T11:01:10Z,"Task #219: Decomm batch SMS — TPMS_EXTRACT phone lookup + manager LDAPs"
315788bf0e0587b953eee272d03cae1a97be5653,tmotard,39197349-tmotard@users.noreply.replit.com,2026-04-28T10:58:34Z,"Task #219: Decomm batch SMS — TPMS_EXTRACT phone lookup + manager LDAPs"
c9615eaf6acb66aeb13e835c52ffeb6f34ccb881,tmotard,39197349-tmotard@users.noreply.replit.com,2026-04-28T10:53:45Z,"Task #219: Decomm batch SMS — TPMS_EXTRACT phone lookup + manager LDAPs"
6b9c048924e3f93c2734f0457557d4cedb1c0e1d,tmotard,39197349-tmotard@users.noreply.replit.com,2026-04-28T10:44:36Z,"Task #219: Decomm batch SMS — TPMS_EXTRACT phone lookup + manager LDAPs"
b29d7b0d964296fc4e8c97545891101793733330,tmotard,39197349-tmotard@users.noreply.replit.com,2026-04-28T10:36:01Z,"Transitioned from Plan to Build mode"
