Truck Number,System,Field,Action,Reconciliation Required,Desired Owner,Desired Value,Current/Before Value,Status,Issue Bucket,Rule,Created (UTC)
017744,AMS,assignment,clear,Clear AMS assignment,,,,flagged,,AMS_MISSING_FLAG,2026-06-22 11:50:52
018147,AMS,assignment,clear,Clear AMS assignment,,,,flagged,,AMS_MISSING_FLAG,2026-06-22 11:50:52
018158,AMS,assignment,clear,Clear AMS assignment,,,,flagged,,AMS_MISSING_FLAG,2026-06-22 11:50:52
018206,AMS,assignment,clear,Clear AMS assignment,,,,flagged,,AMS_MISSING_FLAG,2026-06-22 11:50:52
018220,AMS,assignment,clear,Clear AMS assignment,,,,flagged,,AMS_MISSING_FLAG,2026-06-22 11:50:52
018380,AMS,assignment,clear,Clear AMS assignment,,,,flagged,,AMS_MISSING_FLAG,2026-06-22 11:50:52
021118,AMS,assignment,assign,Assign AMS assignment -> jperez0,jperez0,,unknown,skipped,,AMS_ASSIGN,2026-06-22 11:50:51
021218,AMS,assignment,assign,Assign AMS assignment -> gharris,gharris,,unknown,skipped,,AMS_ASSIGN,2026-06-22 11:50:51
022247,AMS,assignment,assign,Assign AMS assignment -> srussel,srussel,,unknown,skipped,,AMS_ASSIGN,2026-06-22 11:50:51
023456,AMS,assignment,assign,Assign AMS assignment -> wrobers,wrobers,,unknown,skipped,,AMS_ASSIGN,2026-06-22 11:50:51
024324,AMS,assignment,assign,Assign AMS assignment -> mdellin,mdellin,,,flagged,,AMS_MISSING_FLAG,2026-06-22 11:50:51
028147,AMS,assignment,clear,Clear AMS assignment,,,,flagged,,AMS_MISSING_FLAG,2026-06-22 11:50:52
038107,AMS,assignment,clear,Clear AMS assignment,,,,flagged,,AMS_MISSING_FLAG,2026-06-22 11:50:52
038147,AMS,assignment,clear,Clear AMS assignment,,,,flagged,,AMS_MISSING_FLAG,2026-06-22 11:50:52
048147,AMS,assignment,clear,Clear AMS assignment,,,,flagged,,AMS_MISSING_FLAG,2026-06-22 11:50:52
058147,AMS,assignment,clear,Clear AMS assignment,,,,flagged,,AMS_MISSING_FLAG,2026-06-22 11:50:52
078107,AMS,assignment,clear,Clear AMS assignment,,,,flagged,,AMS_MISSING_FLAG,2026-06-22 11:50:52
078206,AMS,assignment,clear,Clear AMS assignment,,,,flagged,,AMS_MISSING_FLAG,2026-06-22 11:50:52
078220,AMS,assignment,clear,Clear AMS assignment,,,,flagged,,AMS_MISSING_FLAG,2026-06-22 11:50:52
088001,AMS,assignment,clear,Clear AMS assignment,,,,flagged,,AMS_MISSING_FLAG,2026-06-22 11:50:51
088003,AMS,assignment,clear,Clear AMS assignment,,,,flagged,,AMS_MISSING_FLAG,2026-06-22 11:50:51
088004,AMS,assignment,clear,Clear AMS assignment,,,,flagged,,AMS_MISSING_FLAG,2026-06-22 11:50:51
088005,AMS,assignment,clear,Clear AMS assignment,,,,flagged,,AMS_MISSING_FLAG,2026-06-22 11:50:51
088006,AMS,assignment,clear,Clear AMS assignment,,,,flagged,,AMS_MISSING_FLAG,2026-06-22 11:50:51
088007,AMS,assignment,clear,Clear AMS assignment,,,,flagged,,AMS_MISSING_FLAG,2026-06-22 11:50:51
088008,AMS,assignment,clear,Clear AMS assignment,,,,flagged,,AMS_MISSING_FLAG,2026-06-22 11:50:51
088009,AMS,assignment,clear,Clear AMS assignment,,,,flagged,,AMS_MISSING_FLAG,2026-06-22 11:50:51
088011,AMS,assignment,clear,Clear AMS assignment,,,,flagged,,AMS_MISSING_FLAG,2026-06-22 11:50:51
088012,AMS,assignment,clear,Clear AMS assignment,,,,flagged,,AMS_MISSING_FLAG,2026-06-22 11:50:51
088013,AMS,assignment,clear,Clear AMS assignment,,,,flagged,,AMS_MISSING_FLAG,2026-06-22 11:50:51
088014,AMS,assignment,clear,Clear AMS assignment,,,,flagged,,AMS_MISSING_FLAG,2026-06-22 11:50:51
088015,AMS,assignment,clear,Clear AMS assignment,,,,flagged,,AMS_MISSING_FLAG,2026-06-22 11:50:51
088016,AMS,assignment,clear,Clear AMS assignment,,,,flagged,,AMS_MISSING_FLAG,2026-06-22 11:50:51
088017,AMS,assignment,clear,Clear AMS assignment,,,,flagged,,AMS_MISSING_FLAG,2026-06-22 11:50:51
088018,AMS,assignment,clear,Clear AMS assignment,,,,flagged,,AMS_MISSING_FLAG,2026-06-22 11:50:51
088019,AMS,assignment,clear,Clear AMS assignment,,,,flagged,,AMS_MISSING_FLAG,2026-06-22 11:50:51
088024,AMS,assignment,clear,Clear AMS assignment,,,,flagged,,AMS_MISSING_FLAG,2026-06-22 11:50:51
088030,AMS,assignment,clear,Clear AMS assignment,,,,flagged,,AMS_MISSING_FLAG,2026-06-22 11:50:51
088031,AMS,assignment,clear,Clear AMS assignment,,,,flagged,,AMS_MISSING_FLAG,2026-06-22 11:50:51
088032,AMS,assignment,clear,Clear AMS assignment,,,,flagged,,AMS_MISSING_FLAG,2026-06-22 11:50:51
088033,AMS,assignment,clear,Clear AMS assignment,,,,flagged,,AMS_MISSING_FLAG,2026-06-22 11:50:51
088034,AMS,assignment,clear,Clear AMS assignment,,,,flagged,,AMS_MISSING_FLAG,2026-06-22 11:50:51
088040,AMS,assignment,clear,Clear AMS assignment,,,,flagged,,AMS_MISSING_FLAG,2026-06-22 11:50:51
088041,AMS,assignment,clear,Clear AMS assignment,,,,flagged,,AMS_MISSING_FLAG,2026-06-22 11:50:51
088042,AMS,assignment,clear,Clear AMS assignment,,,,flagged,,AMS_MISSING_FLAG,2026-06-22 11:50:51
088043,AMS,assignment,clear,Clear AMS assignment,,,,flagged,,AMS_MISSING_FLAG,2026-06-22 11:50:51
088044,AMS,assignment,clear,Clear AMS assignment,,,,flagged,,AMS_MISSING_FLAG,2026-06-22 11:50:51
088045,AMS,assignment,clear,Clear AMS assignment,,,,flagged,,AMS_MISSING_FLAG,2026-06-22 11:50:51
088060,AMS,assignment,clear,Clear AMS assignment,,,,flagged,,AMS_MISSING_FLAG,2026-06-22 11:50:51
088061,AMS,assignment,clear,Clear AMS assignment,,,,flagged,,AMS_MISSING_FLAG,2026-06-22 11:50:51
088062,AMS,assignment,clear,Clear AMS assignment,,,,flagged,,AMS_MISSING_FLAG,2026-06-22 11:50:51
088063,AMS,assignment,clear,Clear AMS assignment,,,,flagged,,AMS_MISSING_FLAG,2026-06-22 11:50:51
088064,AMS,assignment,clear,Clear AMS assignment,,,,flagged,,AMS_MISSING_FLAG,2026-06-22 11:50:51
088065,AMS,assignment,clear,Clear AMS assignment,,,,flagged,,AMS_MISSING_FLAG,2026-06-22 11:50:51
088066,AMS,assignment,clear,Clear AMS assignment,,,,flagged,,AMS_MISSING_FLAG,2026-06-22 11:50:51
088073,AMS,assignment,clear,Clear AMS assignment,,,,flagged,,AMS_MISSING_FLAG,2026-06-22 11:50:51
088074,AMS,assignment,clear,Clear AMS assignment,,,,flagged,,AMS_MISSING_FLAG,2026-06-22 11:50:51
088078,AMS,assignment,clear,Clear AMS assignment,,,,flagged,,AMS_MISSING_FLAG,2026-06-22 11:50:51
088090,AMS,assignment,clear,Clear AMS assignment,,,,flagged,,AMS_MISSING_FLAG,2026-06-22 11:50:51
088096,AMS,assignment,clear,Clear AMS assignment,,,,flagged,,AMS_MISSING_FLAG,2026-06-22 11:50:51
088106,AMS,assignment,clear,Clear AMS assignment,,,,flagged,,AMS_MISSING_FLAG,2026-06-22 11:50:51
088108,AMS,assignment,clear,Clear AMS assignment,,,,flagged,,AMS_MISSING_FLAG,2026-06-22 11:50:51
088122,AMS,assignment,clear,Clear AMS assignment,,,,flagged,,AMS_MISSING_FLAG,2026-06-22 11:50:51
088126,AMS,assignment,clear,Clear AMS assignment,,,,flagged,,AMS_MISSING_FLAG,2026-06-22 11:50:51
088128,AMS,assignment,clear,Clear AMS assignment,,,,flagged,,AMS_MISSING_FLAG,2026-06-22 11:50:51
088130,AMS,assignment,assign,Assign AMS assignment -> crobert,crobert,,unknown,skipped,,AMS_ASSIGN,2026-06-22 11:50:51
088131,AMS,assignment,clear,Clear AMS assignment,,,,flagged,,AMS_MISSING_FLAG,2026-06-22 11:50:51
088133,AMS,assignment,clear,Clear AMS assignment,,,,flagged,,AMS_MISSING_FLAG,2026-06-22 11:50:51
088135,AMS,assignment,assign,Assign AMS assignment -> tcopela,tcopela,,unknown,skipped,,AMS_ASSIGN,2026-06-22 11:50:52
088136,AMS,assignment,assign,Assign AMS assignment -> hsantan,hsantan,,unknown,skipped,,AMS_ASSIGN,2026-06-22 11:50:51
088138,AMS,assignment,assign,Assign AMS assignment -> rsalin3,rsalin3,,,flagged,,AMS_MISSING_FLAG,2026-06-22 11:50:52
088139,AMS,assignment,clear,Clear AMS assignment,,,,flagged,,AMS_MISSING_FLAG,2026-06-22 11:50:51
088140,AMS,assignment,clear,Clear AMS assignment,,,,flagged,,AMS_MISSING_FLAG,2026-06-22 11:50:51
088146,AMS,assignment,clear,Clear AMS assignment,,,,flagged,,AMS_MISSING_FLAG,2026-06-22 11:50:51
088148,AMS,assignment,assign,Assign AMS assignment -> rrobert,rrobert,,unknown,skipped,,AMS_ASSIGN,2026-06-22 11:50:51
088150,AMS,assignment,clear,Clear AMS assignment,,,,flagged,,AMS_MISSING_FLAG,2026-06-22 11:50:51
088153,AMS,assignment,clear,Clear AMS assignment,,,,flagged,,AMS_MISSING_FLAG,2026-06-22 11:50:51
088155,AMS,assignment,assign,Assign AMS assignment -> lcarlso,lcarlso,,,flagged,,AMS_MISSING_FLAG,2026-06-22 11:50:51
088156,AMS,assignment,clear,Clear AMS assignment,,,,flagged,,AMS_MISSING_FLAG,2026-06-22 11:50:51
088159,AMS,assignment,clear,Clear AMS assignment,,,,flagged,,AMS_MISSING_FLAG,2026-06-22 11:50:51
088163,AMS,assignment,clear,Clear AMS assignment,,,,flagged,,AMS_MISSING_FLAG,2026-06-22 11:50:52
088170,AMS,assignment,clear,Clear AMS assignment,,,,flagged,,AMS_MISSING_FLAG,2026-06-22 11:50:51
088171,AMS,assignment,clear,Clear AMS assignment,,,,flagged,,AMS_MISSING_FLAG,2026-06-22 11:50:51
088193,AMS,assignment,clear,Clear AMS assignment,,,,flagged,,AMS_MISSING_FLAG,2026-06-22 11:50:51
088212,AMS,assignment,clear,Clear AMS assignment,,,,flagged,,AMS_MISSING_FLAG,2026-06-22 11:50:51
088219,AMS,assignment,clear,Clear AMS assignment,,,,flagged,,AMS_MISSING_FLAG,2026-06-22 11:50:52
088221,AMS,assignment,assign,Assign AMS assignment -> mmurph3,mmurph3,,,flagged,,AMS_MISSING_FLAG,2026-06-22 11:50:52
088223,AMS,assignment,clear,Clear AMS assignment,,,,flagged,,AMS_MISSING_FLAG,2026-06-22 11:50:51
088224,AMS,assignment,clear,Clear AMS assignment,,,,flagged,,AMS_MISSING_FLAG,2026-06-22 11:50:51
088225,AMS,assignment,clear,Clear AMS assignment,,,,flagged,,AMS_MISSING_FLAG,2026-06-22 11:50:51
088230,AMS,assignment,clear,Clear AMS assignment,,,,flagged,,AMS_MISSING_FLAG,2026-06-22 11:50:51
088240,AMS,assignment,clear,Clear AMS assignment,,,,flagged,,AMS_MISSING_FLAG,2026-06-22 11:50:51
088252,AMS,assignment,assign,Assign AMS assignment -> jricha0,jricha0,,,flagged,,AMS_MISSING_FLAG,2026-06-22 11:50:52
088289,AMS,assignment,clear,Clear AMS assignment,,,,flagged,,AMS_MISSING_FLAG,2026-06-22 11:50:51
097108,AMS,assignment,clear,Clear AMS assignment,,,,flagged,,AMS_MISSING_FLAG,2026-06-22 11:50:51
098220,AMS,assignment,clear,Clear AMS assignment,,,,flagged,,AMS_MISSING_FLAG,2026-06-22 11:50:52
09999R,AMS,assignment,clear,Clear AMS assignment,,,,flagged,,AMS_MISSING_FLAG,2026-06-22 11:50:51
107983,AMS,assignment,clear,Clear AMS assignment,,,,flagged,,AMS_MISSING_FLAG,2026-06-22 11:50:52
108220,AMS,assignment,clear,Clear AMS assignment,,,,flagged,,AMS_MISSING_FLAG,2026-06-22 11:50:52
108935,AMS,assignment,clear,Clear AMS assignment,,,,flagged,,AMS_MISSING_FLAG,2026-06-22 11:50:52
117983,AMS,assignment,clear,Clear AMS assignment,,,,flagged,,AMS_MISSING_FLAG,2026-06-22 11:50:52
118147,AMS,assignment,clear,Clear AMS assignment,,,,flagged,,AMS_MISSING_FLAG,2026-06-22 11:50:51
118175,AMS,assignment,clear,Clear AMS assignment,,,,flagged,,AMS_MISSING_FLAG,2026-06-22 11:50:52
118935,AMS,assignment,clear,Clear AMS assignment,,,,flagged,,AMS_MISSING_FLAG,2026-06-22 11:50:52
127983,AMS,assignment,clear,Clear AMS assignment,,,,flagged,,AMS_MISSING_FLAG,2026-06-22 11:50:52
128175,AMS,assignment,clear,Clear AMS assignment,,,,flagged,,AMS_MISSING_FLAG,2026-06-22 11:50:52
128935,AMS,assignment,clear,Clear AMS assignment,,,,flagged,,AMS_MISSING_FLAG,2026-06-22 11:50:52
137983,AMS,assignment,clear,Clear AMS assignment,,,,flagged,,AMS_MISSING_FLAG,2026-06-22 11:50:52
138175,AMS,assignment,clear,Clear AMS assignment,,,,flagged,,AMS_MISSING_FLAG,2026-06-22 11:50:52
138380,AMS,assignment,clear,Clear AMS assignment,,,,flagged,,AMS_MISSING_FLAG,2026-06-22 11:50:52
138935,AMS,assignment,clear,Clear AMS assignment,,,,flagged,,AMS_MISSING_FLAG,2026-06-22 11:50:52
147983,AMS,assignment,clear,Clear AMS assignment,,,,flagged,,AMS_MISSING_FLAG,2026-06-22 11:50:52
148175,AMS,assignment,clear,Clear AMS assignment,,,,flagged,,AMS_MISSING_FLAG,2026-06-22 11:50:52
148380,AMS,assignment,clear,Clear AMS assignment,,,,flagged,,AMS_MISSING_FLAG,2026-06-22 11:50:52
148935,AMS,assignment,clear,Clear AMS assignment,,,,flagged,,AMS_MISSING_FLAG,2026-06-22 11:50:52
156141,AMS,assignment,clear,Clear AMS assignment,,,,flagged,,AMS_MISSING_FLAG,2026-06-22 11:50:52
157983,AMS,assignment,clear,Clear AMS assignment,,,,flagged,,AMS_MISSING_FLAG,2026-06-22 11:50:52
158175,AMS,assignment,clear,Clear AMS assignment,,,,flagged,,AMS_MISSING_FLAG,2026-06-22 11:50:52
158380,AMS,assignment,clear,Clear AMS assignment,,,,flagged,,AMS_MISSING_FLAG,2026-06-22 11:50:52
158935,AMS,assignment,clear,Clear AMS assignment,,,,flagged,,AMS_MISSING_FLAG,2026-06-22 11:50:52
166141,AMS,assignment,clear,Clear AMS assignment,,,,flagged,,AMS_MISSING_FLAG,2026-06-22 11:50:52
167435,AMS,assignment,clear,Clear AMS assignment,,,,flagged,,AMS_MISSING_FLAG,2026-06-22 11:50:52
167744,AMS,assignment,clear,Clear AMS assignment,,,,flagged,,AMS_MISSING_FLAG,2026-06-22 11:50:52
176141,AMS,assignment,clear,Clear AMS assignment,,,,flagged,,AMS_MISSING_FLAG,2026-06-22 11:50:52
177435,AMS,assignment,clear,Clear AMS assignment,,,,flagged,,AMS_MISSING_FLAG,2026-06-22 11:50:52
186141,AMS,assignment,clear,Clear AMS assignment,,,,flagged,,AMS_MISSING_FLAG,2026-06-22 11:50:52
187435,AMS,assignment,clear,Clear AMS assignment,,,,flagged,,AMS_MISSING_FLAG,2026-06-22 11:50:52
196141,AMS,assignment,clear,Clear AMS assignment,,,,flagged,,AMS_MISSING_FLAG,2026-06-22 11:50:51
197435,AMS,assignment,clear,Clear AMS assignment,,,,flagged,,AMS_MISSING_FLAG,2026-06-22 11:50:51
198420,AMS,assignment,clear,Clear AMS assignment,,,,flagged,,AMS_MISSING_FLAG,2026-06-22 11:50:51
202601,AMS,assignment,assign,Assign AMS assignment -> acook14,acook14,,,flagged,,AMS_MISSING_FLAG,2026-06-22 11:50:51
202602,AMS,assignment,clear,Clear AMS assignment,,,,flagged,,AMS_MISSING_FLAG,2026-06-22 11:50:51
202603,AMS,assignment,clear,Clear AMS assignment,,,,flagged,,AMS_MISSING_FLAG,2026-06-22 11:50:51
202604,AMS,assignment,clear,Clear AMS assignment,,,,flagged,,AMS_MISSING_FLAG,2026-06-22 11:50:51
202605,AMS,assignment,clear,Clear AMS assignment,,,,flagged,,AMS_MISSING_FLAG,2026-06-22 11:50:51
202606,AMS,assignment,clear,Clear AMS assignment,,,,flagged,,AMS_MISSING_FLAG,2026-06-22 11:50:51
202609,AMS,assignment,clear,Clear AMS assignment,,,,flagged,,AMS_MISSING_FLAG,2026-06-22 11:50:51
202610,AMS,assignment,clear,Clear AMS assignment,,,,flagged,,AMS_MISSING_FLAG,2026-06-22 11:50:51
202611,AMS,assignment,clear,Clear AMS assignment,,,,flagged,,AMS_MISSING_FLAG,2026-06-22 11:50:51
202612,AMS,assignment,clear,Clear AMS assignment,,,,flagged,,AMS_MISSING_FLAG,2026-06-22 11:50:52
207435,AMS,assignment,clear,Clear AMS assignment,,,,flagged,,AMS_MISSING_FLAG,2026-06-22 11:50:51
208035,AMS,assignment,clear,Clear AMS assignment,,,,flagged,,AMS_MISSING_FLAG,2026-06-22 11:50:51
208420,AMS,assignment,clear,Clear AMS assignment,,,,flagged,,AMS_MISSING_FLAG,2026-06-22 11:50:51
217435,AMS,assignment,clear,Clear AMS assignment,,,,flagged,,AMS_MISSING_FLAG,2026-06-22 11:50:51
218169,AMS,assignment,clear,Clear AMS assignment,,,,flagged,,AMS_MISSING_FLAG,2026-06-22 11:50:51
218206,AMS,assignment,assign,Assign AMS assignment -> eares,eares,,,flagged,,AMS_MISSING_FLAG,2026-06-22 11:50:51
218420,AMS,assignment,clear,Clear AMS assignment,,,,flagged,,AMS_MISSING_FLAG,2026-06-22 11:50:51
269700,AMS,assignment,clear,Clear AMS assignment,,,,flagged,,AMS_MISSING_FLAG,2026-06-22 11:50:51
373230,AMS,assignment,clear,Clear AMS assignment,,,,flagged,,AMS_MISSING_FLAG,2026-06-22 11:50:51
473230,AMS,assignment,clear,Clear AMS assignment,,,,flagged,,AMS_MISSING_FLAG,2026-06-22 11:50:51
476604,AMS,assignment,clear,Clear AMS assignment,,,,flagged,,AMS_MISSING_FLAG,2026-06-22 11:50:51
476605,AMS,assignment,clear,Clear AMS assignment,,,,flagged,,AMS_MISSING_FLAG,2026-06-22 11:50:51
476607,AMS,assignment,clear,Clear AMS assignment,,,,flagged,,AMS_MISSING_FLAG,2026-06-22 11:50:51
476608,AMS,assignment,clear,Clear AMS assignment,,,,flagged,,AMS_MISSING_FLAG,2026-06-22 11:50:51
476609,AMS,assignment,clear,Clear AMS assignment,,,,flagged,,AMS_MISSING_FLAG,2026-06-22 11:50:51
708402,AMS,assignment,clear,Clear AMS assignment,,,,flagged,,AMS_MISSING_FLAG,2026-06-22 11:50:52
708801,AMS,assignment,clear,Clear AMS assignment,,,,flagged,,AMS_MISSING_FLAG,2026-06-22 11:50:51
708802,AMS,assignment,clear,Clear AMS assignment,,,,flagged,,AMS_MISSING_FLAG,2026-06-22 11:50:51
710801,AMS,assignment,clear,Clear AMS assignment,,,,flagged,,AMS_MISSING_FLAG,2026-06-22 11:50:51
710802,AMS,assignment,clear,Clear AMS assignment,,,,flagged,,AMS_MISSING_FLAG,2026-06-22 11:50:52
710803,AMS,assignment,clear,Clear AMS assignment,,,,flagged,,AMS_MISSING_FLAG,2026-06-22 11:50:52
710804,AMS,assignment,clear,Clear AMS assignment,,,,flagged,,AMS_MISSING_FLAG,2026-06-22 11:50:52
732301,AMS,assignment,clear,Clear AMS assignment,,,,flagged,,AMS_MISSING_FLAG,2026-06-22 11:50:52
732302,AMS,assignment,clear,Clear AMS assignment,,,,flagged,,AMS_MISSING_FLAG,2026-06-22 11:50:52
743501,AMS,assignment,clear,Clear AMS assignment,,,,flagged,,AMS_MISSING_FLAG,2026-06-22 11:50:51
743502,AMS,assignment,clear,Clear AMS assignment,,,,flagged,,AMS_MISSING_FLAG,2026-06-22 11:50:51
761412,AMS,assignment,clear,Clear AMS assignment,,,,flagged,,AMS_MISSING_FLAG,2026-06-22 11:50:51
767001,AMS,assignment,clear,Clear AMS assignment,,,,flagged,,AMS_MISSING_FLAG,2026-06-22 11:50:52
767002,AMS,assignment,clear,Clear AMS assignment,,,,flagged,,AMS_MISSING_FLAG,2026-06-22 11:50:52
767003,AMS,assignment,clear,Clear AMS assignment,,,,flagged,,AMS_MISSING_FLAG,2026-06-22 11:50:52
767004,AMS,assignment,clear,Clear AMS assignment,,,,flagged,,AMS_MISSING_FLAG,2026-06-22 11:50:52
767005,AMS,assignment,clear,Clear AMS assignment,,,,flagged,,AMS_MISSING_FLAG,2026-06-22 11:50:52
803502,AMS,assignment,clear,Clear AMS assignment,,,,flagged,,AMS_MISSING_FLAG,2026-06-22 11:50:51
803503,AMS,assignment,clear,Clear AMS assignment,,,,flagged,,AMS_MISSING_FLAG,2026-06-22 11:50:51
803504,AMS,assignment,clear,Clear AMS assignment,,,,flagged,,AMS_MISSING_FLAG,2026-06-22 11:50:51
803505,AMS,assignment,clear,Clear AMS assignment,,,,flagged,,AMS_MISSING_FLAG,2026-06-22 11:50:51
809605,AMS,assignment,clear,Clear AMS assignment,,,,flagged,,AMS_MISSING_FLAG,2026-06-22 11:50:51
810703,AMS,assignment,clear,Clear AMS assignment,,,,flagged,,AMS_MISSING_FLAG,2026-06-22 11:50:52
810704,AMS,assignment,clear,Clear AMS assignment,,,,flagged,,AMS_MISSING_FLAG,2026-06-22 11:50:52
810705,AMS,assignment,clear,Clear AMS assignment,,,,flagged,,AMS_MISSING_FLAG,2026-06-22 11:50:52
810706,AMS,assignment,clear,Clear AMS assignment,,,,flagged,,AMS_MISSING_FLAG,2026-06-22 11:50:52
815802,AMS,assignment,clear,Clear AMS assignment,,,,flagged,,AMS_MISSING_FLAG,2026-06-22 11:50:52
815803,AMS,assignment,clear,Clear AMS assignment,,,,flagged,,AMS_MISSING_FLAG,2026-06-22 11:50:52
815817,AMS,assignment,clear,Clear AMS assignment,,,,flagged,,AMS_MISSING_FLAG,2026-06-22 11:50:52
816901,AMS,assignment,clear,Clear AMS assignment,,,,flagged,,AMS_MISSING_FLAG,2026-06-22 11:50:51
818101,AMS,assignment,clear,Clear AMS assignment,,,,flagged,,AMS_MISSING_FLAG,2026-06-22 11:50:51
818102,AMS,assignment,clear,Clear AMS assignment,,,,flagged,,AMS_MISSING_FLAG,2026-06-22 11:50:51
820601,AMS,assignment,clear,Clear AMS assignment,,,,flagged,,AMS_MISSING_FLAG,2026-06-22 11:50:51
820602,AMS,assignment,clear,Clear AMS assignment,,,,flagged,,AMS_MISSING_FLAG,2026-06-22 11:50:51
822802,AMS,assignment,clear,Clear AMS assignment,,,,flagged,,AMS_MISSING_FLAG,2026-06-22 11:50:51
822806,AMS,assignment,clear,Clear AMS assignment,,,,flagged,,AMS_MISSING_FLAG,2026-06-22 11:50:51
822809,AMS,assignment,clear,Clear AMS assignment,,,,flagged,,AMS_MISSING_FLAG,2026-06-22 11:50:51
822810,AMS,assignment,clear,Clear AMS assignment,,,,flagged,,AMS_MISSING_FLAG,2026-06-22 11:50:51
836601,AMS,assignment,clear,Clear AMS assignment,,,,flagged,,AMS_MISSING_FLAG,2026-06-22 11:50:52
836602,AMS,assignment,clear,Clear AMS assignment,,,,flagged,,AMS_MISSING_FLAG,2026-06-22 11:50:52
840901,AMS,assignment,clear,Clear AMS assignment,,,,flagged,,AMS_MISSING_FLAG,2026-06-22 11:50:51
840902,AMS,assignment,clear,Clear AMS assignment,,,,flagged,,AMS_MISSING_FLAG,2026-06-22 11:50:51
840903,AMS,assignment,clear,Clear AMS assignment,,,,flagged,,AMS_MISSING_FLAG,2026-06-22 11:50:51
842001,AMS,assignment,clear,Clear AMS assignment,,,,flagged,,AMS_MISSING_FLAG,2026-06-22 11:50:51
842002,AMS,assignment,assign,Assign AMS assignment -> jbasing,jbasing,,,flagged,,AMS_MISSING_FLAG,2026-06-22 11:50:51
855501,AMS,assignment,clear,Clear AMS assignment,,,,flagged,,AMS_MISSING_FLAG,2026-06-22 11:50:51
870841,AMS,assignment,clear,Clear AMS assignment,,,,flagged,,AMS_MISSING_FLAG,2026-06-22 11:50:51
870842,AMS,assignment,clear,Clear AMS assignment,,,,flagged,,AMS_MISSING_FLAG,2026-06-22 11:50:52
870843,AMS,assignment,clear,Clear AMS assignment,,,,flagged,,AMS_MISSING_FLAG,2026-06-22 11:50:52
966599,AMS,assignment,clear,Clear AMS assignment,,,,flagged,,AMS_MISSING_FLAG,2026-06-22 11:50:51
970099,AMS,assignment,clear,Clear AMS assignment,,,,flagged,,AMS_MISSING_FLAG,2026-06-22 11:50:51
970102,AMS,assignment,clear,Clear AMS assignment,,,,flagged,,AMS_MISSING_FLAG,2026-06-22 11:50:51
970199,AMS,assignment,clear,Clear AMS assignment,,,,flagged,,AMS_MISSING_FLAG,2026-06-22 11:50:51
970841,AMS,assignment,clear,Clear AMS assignment,,,,flagged,,AMS_MISSING_FLAG,2026-06-22 11:50:51
970881,AMS,assignment,clear,Clear AMS assignment,,,,flagged,,AMS_MISSING_FLAG,2026-06-22 11:50:51
970882,AMS,assignment,clear,Clear AMS assignment,,,,flagged,,AMS_MISSING_FLAG,2026-06-22 11:50:51
972799,AMS,assignment,clear,Clear AMS assignment,,,,flagged,,AMS_MISSING_FLAG,2026-06-22 11:50:51
974351,AMS,assignment,clear,Clear AMS assignment,,,,flagged,,AMS_MISSING_FLAG,2026-06-22 11:50:51
974352,AMS,assignment,clear,Clear AMS assignment,,,,flagged,,AMS_MISSING_FLAG,2026-06-22 11:50:51
979899,AMS,assignment,clear,Clear AMS assignment,,,,flagged,,AMS_MISSING_FLAG,2026-06-22 11:50:51
979951,AMS,assignment,clear,Clear AMS assignment,,,,flagged,,AMS_MISSING_FLAG,2026-06-22 11:50:51
979952,AMS,assignment,clear,Clear AMS assignment,,,,flagged,,AMS_MISSING_FLAG,2026-06-22 11:50:51
979953,AMS,assignment,clear,Clear AMS assignment,,,,flagged,,AMS_MISSING_FLAG,2026-06-22 11:50:51
979954,AMS,assignment,clear,Clear AMS assignment,,,,flagged,,AMS_MISSING_FLAG,2026-06-22 11:50:51
979955,AMS,assignment,clear,Clear AMS assignment,,,,flagged,,AMS_MISSING_FLAG,2026-06-22 11:50:51
979956,AMS,assignment,clear,Clear AMS assignment,,,,flagged,,AMS_MISSING_FLAG,2026-06-22 11:50:51
979957,AMS,assignment,clear,Clear AMS assignment,,,,flagged,,AMS_MISSING_FLAG,2026-06-22 11:50:51
979958,AMS,assignment,clear,Clear AMS assignment,,,,flagged,,AMS_MISSING_FLAG,2026-06-22 11:50:52
981851,AMS,assignment,clear,Clear AMS assignment,,,,flagged,,AMS_MISSING_FLAG,2026-06-22 11:50:51
982061,AMS,assignment,clear,Clear AMS assignment,,,,flagged,,AMS_MISSING_FLAG,2026-06-22 11:50:51
982062,AMS,assignment,clear,Clear AMS assignment,,,,flagged,,AMS_MISSING_FLAG,2026-06-22 11:50:51
982286,AMS,assignment,clear,Clear AMS assignment,,,,flagged,,AMS_MISSING_FLAG,2026-06-22 11:50:51
983661,AMS,assignment,clear,Clear AMS assignment,,,,flagged,,AMS_MISSING_FLAG,2026-06-22 11:50:51
983662,AMS,assignment,clear,Clear AMS assignment,,,,flagged,,AMS_MISSING_FLAG,2026-06-22 11:50:51
006261,HOLMAN,assignment,clear,Clear HOLMAN assignment,,,,flagged,,HOLMAN_MISSING_FLAG,2026-06-22 11:50:51
006594,HOLMAN,assignment,clear,Clear HOLMAN assignment,,,,flagged,,HOLMAN_MISSING_FLAG,2026-06-22 11:50:51
017744,HOLMAN,assignment,clear,Clear HOLMAN assignment,,,,flagged,,HOLMAN_MISSING_FLAG,2026-06-22 11:50:52
018147,HOLMAN,assignment,clear,Clear HOLMAN assignment,,,,flagged,,HOLMAN_MISSING_FLAG,2026-06-22 11:50:52
018158,HOLMAN,assignment,clear,Clear HOLMAN assignment,,,,flagged,,HOLMAN_MISSING_FLAG,2026-06-22 11:50:52
018206,HOLMAN,assignment,clear,Clear HOLMAN assignment,,,,flagged,,HOLMAN_MISSING_FLAG,2026-06-22 11:50:52
018220,HOLMAN,assignment,clear,Clear HOLMAN assignment,,,,flagged,,HOLMAN_MISSING_FLAG,2026-06-22 11:50:52
018380,HOLMAN,assignment,clear,Clear HOLMAN assignment,,,,flagged,,HOLMAN_MISSING_FLAG,2026-06-22 11:50:52
021025,HOLMAN,assignment,clear,Clear HOLMAN assignment,,,,flagged,,HOLMAN_MISSING_FLAG,2026-06-22 11:50:51
021032,HOLMAN,assignment,clear,Clear HOLMAN assignment,,,,flagged,,HOLMAN_MISSING_FLAG,2026-06-22 11:50:51
021039,HOLMAN,assignment,clear,Clear HOLMAN assignment,,,,flagged,,HOLMAN_MISSING_FLAG,2026-06-22 11:50:51
021113,HOLMAN,assignment,clear,Clear HOLMAN assignment,,,,flagged,,HOLMAN_MISSING_FLAG,2026-06-22 11:50:51
021154,HOLMAN,assignment,clear,Clear HOLMAN assignment,,,,flagged,,HOLMAN_MISSING_FLAG,2026-06-22 11:50:51
021211,HOLMAN,assignment,clear,Clear HOLMAN assignment,,,,flagged,,HOLMAN_MISSING_FLAG,2026-06-22 11:50:51
021224,HOLMAN,assignment,clear,Clear HOLMAN assignment,,,,flagged,,HOLMAN_MISSING_FLAG,2026-06-22 11:50:51
021242,HOLMAN,assignment,clear,Clear HOLMAN assignment,,,,flagged,,HOLMAN_MISSING_FLAG,2026-06-22 11:50:51
021251,HOLMAN,assignment,clear,Clear HOLMAN assignment,,,,flagged,,HOLMAN_MISSING_FLAG,2026-06-22 11:50:51
021261,HOLMAN,assignment,clear,Clear HOLMAN assignment,,,,flagged,,HOLMAN_MISSING_FLAG,2026-06-22 11:50:51
021272,HOLMAN,assignment,clear,Clear HOLMAN assignment,,,,flagged,,HOLMAN_MISSING_FLAG,2026-06-22 11:50:51
021273,HOLMAN,assignment,clear,Clear HOLMAN assignment,,,,flagged,,HOLMAN_MISSING_FLAG,2026-06-22 11:50:51
021277,HOLMAN,assignment,clear,Clear HOLMAN assignment,,,,flagged,,HOLMAN_MISSING_FLAG,2026-06-22 11:50:51
021314,HOLMAN,assignment,clear,Clear HOLMAN assignment,,,,flagged,,HOLMAN_MISSING_FLAG,2026-06-22 11:50:51
021372,HOLMAN,assignment,clear,Clear HOLMAN assignment,,,,flagged,,HOLMAN_MISSING_FLAG,2026-06-22 11:50:51
021434,HOLMAN,assignment,clear,Clear HOLMAN assignment,,,,flagged,,HOLMAN_MISSING_FLAG,2026-06-22 11:50:51
021496,HOLMAN,assignment,clear,Clear HOLMAN assignment,,,,flagged,,HOLMAN_MISSING_FLAG,2026-06-22 11:50:51
021514,HOLMAN,assignment,clear,Clear HOLMAN assignment,,,,flagged,,HOLMAN_MISSING_FLAG,2026-06-22 11:50:51
021688,HOLMAN,assignment,clear,Clear HOLMAN assignment,,,,flagged,,HOLMAN_MISSING_FLAG,2026-06-22 11:50:51
021725,HOLMAN,assignment,clear,Clear HOLMAN assignment,,,,flagged,,HOLMAN_MISSING_FLAG,2026-06-22 11:50:51
021745,HOLMAN,assignment,clear,Clear HOLMAN assignment,,,,flagged,,HOLMAN_MISSING_FLAG,2026-06-22 11:50:51
021758,HOLMAN,assignment,clear,Clear HOLMAN assignment,,,,flagged,,HOLMAN_MISSING_FLAG,2026-06-22 11:50:51
021759,HOLMAN,assignment,clear,Clear HOLMAN assignment,,,,flagged,,HOLMAN_MISSING_FLAG,2026-06-22 11:50:51
021760,HOLMAN,assignment,clear,Clear HOLMAN assignment,,,,flagged,,HOLMAN_MISSING_FLAG,2026-06-22 11:50:51
021772,HOLMAN,assignment,clear,Clear HOLMAN assignment,,,,flagged,,HOLMAN_MISSING_FLAG,2026-06-22 11:50:51
021774,HOLMAN,assignment,clear,Clear HOLMAN assignment,,,,flagged,,HOLMAN_MISSING_FLAG,2026-06-22 11:50:51
021785,HOLMAN,assignment,clear,Clear HOLMAN assignment,,,,flagged,,HOLMAN_MISSING_FLAG,2026-06-22 11:50:51
021806,HOLMAN,assignment,clear,Clear HOLMAN assignment,,,,flagged,,HOLMAN_MISSING_FLAG,2026-06-22 11:50:51
021885,HOLMAN,assignment,clear,Clear HOLMAN assignment,,,,flagged,,HOLMAN_MISSING_FLAG,2026-06-22 11:50:51
022129,HOLMAN,assignment,clear,Clear HOLMAN assignment,,,,flagged,,HOLMAN_MISSING_FLAG,2026-06-22 11:50:51
022162,HOLMAN,assignment,clear,Clear HOLMAN assignment,,,,flagged,,HOLMAN_MISSING_FLAG,2026-06-22 11:50:51
022227,HOLMAN,assignment,clear,Clear HOLMAN assignment,,,,flagged,,HOLMAN_MISSING_FLAG,2026-06-22 11:50:51
022268,HOLMAN,assignment,clear,Clear HOLMAN assignment,,,,flagged,,HOLMAN_MISSING_FLAG,2026-06-22 11:50:51
022288,HOLMAN,assignment,clear,Clear HOLMAN assignment,,,,flagged,,HOLMAN_MISSING_FLAG,2026-06-22 11:50:51
022292,HOLMAN,assignment,clear,Clear HOLMAN assignment,,,,flagged,,HOLMAN_MISSING_FLAG,2026-06-22 11:50:51
022370,HOLMAN,assignment,clear,Clear HOLMAN assignment,,,,flagged,,HOLMAN_MISSING_FLAG,2026-06-22 11:50:51
022377,HOLMAN,assignment,clear,Clear HOLMAN assignment,,,,flagged,,HOLMAN_MISSING_FLAG,2026-06-22 11:50:51
022415,HOLMAN,assignment,clear,Clear HOLMAN assignment,,,,flagged,,HOLMAN_MISSING_FLAG,2026-06-22 11:50:51
022439,HOLMAN,assignment,clear,Clear HOLMAN assignment,,,,flagged,,HOLMAN_MISSING_FLAG,2026-06-22 11:50:51
022441,HOLMAN,assignment,clear,Clear HOLMAN assignment,,,,flagged,,HOLMAN_MISSING_FLAG,2026-06-22 11:50:51
022502,HOLMAN,assignment,clear,Clear HOLMAN assignment,,,,flagged,,HOLMAN_MISSING_FLAG,2026-06-22 11:50:51
022604,HOLMAN,assignment,clear,Clear HOLMAN assignment,,,,flagged,,HOLMAN_MISSING_FLAG,2026-06-22 11:50:51
022700,HOLMAN,assignment,clear,Clear HOLMAN assignment,,,,flagged,,HOLMAN_MISSING_FLAG,2026-06-22 11:50:51
023003,HOLMAN,assignment,clear,Clear HOLMAN assignment,,,,flagged,,HOLMAN_MISSING_FLAG,2026-06-22 11:50:51
023105,HOLMAN,assignment,clear,Clear HOLMAN assignment,,,,flagged,,HOLMAN_MISSING_FLAG,2026-06-22 11:50:51
023131,HOLMAN,assignment,clear,Clear HOLMAN assignment,,,,flagged,,HOLMAN_MISSING_FLAG,2026-06-22 11:50:51
023152,HOLMAN,assignment,clear,Clear HOLMAN assignment,,,,flagged,,HOLMAN_MISSING_FLAG,2026-06-22 11:50:51
023196,HOLMAN,assignment,clear,Clear HOLMAN assignment,,,,flagged,,HOLMAN_MISSING_FLAG,2026-06-22 11:50:51
023197,HOLMAN,assignment,clear,Clear HOLMAN assignment,,,,flagged,,HOLMAN_MISSING_FLAG,2026-06-22 11:50:51
023202,HOLMAN,assignment,clear,Clear HOLMAN assignment,,,,flagged,,HOLMAN_MISSING_FLAG,2026-06-22 11:50:51
023213,HOLMAN,assignment,clear,Clear HOLMAN assignment,,,,flagged,,HOLMAN_MISSING_FLAG,2026-06-22 11:50:51
023318,HOLMAN,assignment,clear,Clear HOLMAN assignment,,,,flagged,,HOLMAN_MISSING_FLAG,2026-06-22 11:50:51
023416,HOLMAN,assignment,clear,Clear HOLMAN assignment,,,,flagged,,HOLMAN_MISSING_FLAG,2026-06-22 11:50:51
023480,HOLMAN,assignment,clear,Clear HOLMAN assignment,,,,flagged,,HOLMAN_MISSING_FLAG,2026-06-22 11:50:51
023486,HOLMAN,assignment,clear,Clear HOLMAN assignment,,,,flagged,,HOLMAN_MISSING_FLAG,2026-06-22 11:50:51
023534,HOLMAN,assignment,clear,Clear HOLMAN assignment,,,,flagged,,HOLMAN_MISSING_FLAG,2026-06-22 11:50:51
023537,HOLMAN,assignment,assign,Assign HOLMAN assignment -> cgroce,cgroce,,,held,,HOLMAN_ASSIGN,2026-06-22 11:50:51
023557,HOLMAN,assignment,clear,Clear HOLMAN assignment,,,,flagged,,HOLMAN_MISSING_FLAG,2026-06-22 11:50:51
023669,HOLMAN,assignment,clear,Clear HOLMAN assignment,,,,flagged,,HOLMAN_MISSING_FLAG,2026-06-22 11:50:51
023671,HOLMAN,assignment,clear,Clear HOLMAN assignment,,,,flagged,,HOLMAN_MISSING_FLAG,2026-06-22 11:50:51
023676,HOLMAN,assignment,clear,Clear HOLMAN assignment,,,,flagged,,HOLMAN_MISSING_FLAG,2026-06-22 11:50:51
023712,HOLMAN,assignment,clear,Clear HOLMAN assignment,,,,flagged,,HOLMAN_MISSING_FLAG,2026-06-22 11:50:51
023738,HOLMAN,assignment,clear,Clear HOLMAN assignment,,,,flagged,,HOLMAN_MISSING_FLAG,2026-06-22 11:50:51
023803,HOLMAN,assignment,clear,Clear HOLMAN assignment,,,,flagged,,HOLMAN_MISSING_FLAG,2026-06-22 11:50:51
023817,HOLMAN,assignment,clear,Clear HOLMAN assignment,,,,flagged,,HOLMAN_MISSING_FLAG,2026-06-22 11:50:51
023853,HOLMAN,assignment,clear,Clear HOLMAN assignment,,,,flagged,,HOLMAN_MISSING_FLAG,2026-06-22 11:50:51
023928,HOLMAN,assignment,clear,Clear HOLMAN assignment,,,,flagged,,HOLMAN_MISSING_FLAG,2026-06-22 11:50:51
024027,HOLMAN,assignment,clear,Clear HOLMAN assignment,,,,flagged,,HOLMAN_MISSING_FLAG,2026-06-22 11:50:51
024065,HOLMAN,assignment,clear,Clear HOLMAN assignment,,,,flagged,,HOLMAN_MISSING_FLAG,2026-06-22 11:50:51
024089,HOLMAN,assignment,clear,Clear HOLMAN assignment,,,,flagged,,HOLMAN_MISSING_FLAG,2026-06-22 11:50:51
024092,HOLMAN,assignment,clear,Clear HOLMAN assignment,,,,flagged,,HOLMAN_MISSING_FLAG,2026-06-22 11:50:51
024127,HOLMAN,assignment,clear,Clear HOLMAN assignment,,,,flagged,,HOLMAN_MISSING_FLAG,2026-06-22 11:50:51
024324,HOLMAN,assignment,assign,Assign HOLMAN assignment -> mdellin,mdellin,,,flagged,,HOLMAN_MISSING_FLAG,2026-06-22 11:50:51
028147,HOLMAN,assignment,clear,Clear HOLMAN assignment,,,,flagged,,HOLMAN_MISSING_FLAG,2026-06-22 11:50:52
036041,HOLMAN,assignment,clear,Clear HOLMAN assignment,,,,flagged,,HOLMAN_MISSING_FLAG,2026-06-22 11:50:52
036086,HOLMAN,assignment,clear,Clear HOLMAN assignment,,,,flagged,,HOLMAN_MISSING_FLAG,2026-06-22 11:50:52
036142,HOLMAN,assignment,clear,Clear HOLMAN assignment,,,,flagged,,HOLMAN_MISSING_FLAG,2026-06-22 11:50:51
036155,HOLMAN,assignment,clear,Clear HOLMAN assignment,,,,flagged,,HOLMAN_MISSING_FLAG,2026-06-22 11:50:51
036206,HOLMAN,assignment,clear,Clear HOLMAN assignment,,,,flagged,,HOLMAN_MISSING_FLAG,2026-06-22 11:50:51
036274,HOLMAN,assignment,clear,Clear HOLMAN assignment,,,,flagged,,HOLMAN_MISSING_FLAG,2026-06-22 11:50:52
036287,HOLMAN,assignment,clear,Clear HOLMAN assignment,,,,flagged,,HOLMAN_MISSING_FLAG,2026-06-22 11:50:52
036312,HOLMAN,assignment,clear,Clear HOLMAN assignment,,,,flagged,,HOLMAN_MISSING_FLAG,2026-06-22 11:50:52
036326,HOLMAN,assignment,clear,Clear HOLMAN assignment,,,,flagged,,HOLMAN_MISSING_FLAG,2026-06-22 11:50:51
036327,HOLMAN,assignment,clear,Clear HOLMAN assignment,,,,flagged,,HOLMAN_MISSING_FLAG,2026-06-22 11:50:51
036332,HOLMAN,assignment,clear,Clear HOLMAN assignment,,,,flagged,,HOLMAN_MISSING_FLAG,2026-06-22 11:50:51
036336,HOLMAN,assignment,clear,Clear HOLMAN assignment,,,,flagged,,HOLMAN_MISSING_FLAG,2026-06-22 11:50:51
036359,HOLMAN,assignment,clear,Clear HOLMAN assignment,,,,flagged,,HOLMAN_MISSING_FLAG,2026-06-22 11:50:51
036367,HOLMAN,assignment,clear,Clear HOLMAN assignment,,,,flagged,,HOLMAN_MISSING_FLAG,2026-06-22 11:50:51
036395,HOLMAN,assignment,clear,Clear HOLMAN assignment,,,,flagged,,HOLMAN_MISSING_FLAG,2026-06-22 11:50:51
036463,HOLMAN,assignment,clear,Clear HOLMAN assignment,,,,flagged,,HOLMAN_MISSING_FLAG,2026-06-22 11:50:52
036485,HOLMAN,assignment,clear,Clear HOLMAN assignment,,,,flagged,,HOLMAN_MISSING_FLAG,2026-06-22 11:50:52
036497,HOLMAN,assignment,clear,Clear HOLMAN assignment,,,,flagged,,HOLMAN_MISSING_FLAG,2026-06-22 11:50:52
036498,HOLMAN,assignment,clear,Clear HOLMAN assignment,,,,flagged,,HOLMAN_MISSING_FLAG,2026-06-22 11:50:52
036535,HOLMAN,assignment,clear,Clear HOLMAN assignment,,,,flagged,,HOLMAN_MISSING_FLAG,2026-06-22 11:50:51
036554,HOLMAN,assignment,clear,Clear HOLMAN assignment,,,,flagged,,HOLMAN_MISSING_FLAG,2026-06-22 11:50:51
036569,HOLMAN,assignment,clear,Clear HOLMAN assignment,,,,flagged,,HOLMAN_MISSING_FLAG,2026-06-22 11:50:51
036579,HOLMAN,assignment,clear,Clear HOLMAN assignment,,,,flagged,,HOLMAN_MISSING_FLAG,2026-06-22 11:50:51
036592,HOLMAN,assignment,clear,Clear HOLMAN assignment,,,,flagged,,HOLMAN_MISSING_FLAG,2026-06-22 11:50:52
036594,HOLMAN,assignment,clear,Clear HOLMAN assignment,,,,flagged,,HOLMAN_MISSING_FLAG,2026-06-22 11:50:52
036596,HOLMAN,assignment,clear,Clear HOLMAN assignment,,,,flagged,,HOLMAN_MISSING_FLAG,2026-06-22 11:50:52
036622,HOLMAN,assignment,clear,Clear HOLMAN assignment,,,,flagged,,HOLMAN_MISSING_FLAG,2026-06-22 11:50:52
036644,HOLMAN,assignment,clear,Clear HOLMAN assignment,,,,flagged,,HOLMAN_MISSING_FLAG,2026-06-22 11:50:52
036703,HOLMAN,assignment,clear,Clear HOLMAN assignment,,,,flagged,,HOLMAN_MISSING_FLAG,2026-06-22 11:50:51
036705,HOLMAN,assignment,clear,Clear HOLMAN assignment,,,,flagged,,HOLMAN_MISSING_FLAG,2026-06-22 11:50:51
036748,HOLMAN,assignment,clear,Clear HOLMAN assignment,,,,flagged,,HOLMAN_MISSING_FLAG,2026-06-22 11:50:51
036784,HOLMAN,assignment,clear,Clear HOLMAN assignment,,,,flagged,,HOLMAN_MISSING_FLAG,2026-06-22 11:50:51
036792,HOLMAN,assignment,clear,Clear HOLMAN assignment,,,,flagged,,HOLMAN_MISSING_FLAG,2026-06-22 11:50:51
036834,HOLMAN,assignment,clear,Clear HOLMAN assignment,,,,flagged,,HOLMAN_MISSING_FLAG,2026-06-22 11:50:51
036853,HOLMAN,assignment,clear,Clear HOLMAN assignment,,,,flagged,,HOLMAN_MISSING_FLAG,2026-06-22 11:50:51
036873,HOLMAN,assignment,clear,Clear HOLMAN assignment,,,,flagged,,HOLMAN_MISSING_FLAG,2026-06-22 11:50:51
036875,HOLMAN,assignment,clear,Clear HOLMAN assignment,,,,flagged,,HOLMAN_MISSING_FLAG,2026-06-22 11:50:51
036883,HOLMAN,assignment,clear,Clear HOLMAN assignment,,,,flagged,,HOLMAN_MISSING_FLAG,2026-06-22 11:50:51
036916,HOLMAN,assignment,clear,Clear HOLMAN assignment,,,,flagged,,HOLMAN_MISSING_FLAG,2026-06-22 11:50:51
036942,HOLMAN,assignment,clear,Clear HOLMAN assignment,,,,flagged,,HOLMAN_MISSING_FLAG,2026-06-22 11:50:51
036955,HOLMAN,assignment,clear,Clear HOLMAN assignment,,,,flagged,,HOLMAN_MISSING_FLAG,2026-06-22 11:50:51
036985,HOLMAN,assignment,clear,Clear HOLMAN assignment,,,,flagged,,HOLMAN_MISSING_FLAG,2026-06-22 11:50:51
037015,HOLMAN,assignment,clear,Clear HOLMAN assignment,,,,flagged,,HOLMAN_MISSING_FLAG,2026-06-22 11:50:52
037026,HOLMAN,assignment,clear,Clear HOLMAN assignment,,,,flagged,,HOLMAN_MISSING_FLAG,2026-06-22 11:50:52
037047,HOLMAN,assignment,clear,Clear HOLMAN assignment,,,,flagged,,HOLMAN_MISSING_FLAG,2026-06-22 11:50:51
037087,HOLMAN,assignment,clear,Clear HOLMAN assignment,,,,flagged,,HOLMAN_MISSING_FLAG,2026-06-22 11:50:51
037089,HOLMAN,assignment,clear,Clear HOLMAN assignment,,,,flagged,,HOLMAN_MISSING_FLAG,2026-06-22 11:50:51
037150,HOLMAN,assignment,clear,Clear HOLMAN assignment,,,,flagged,,HOLMAN_MISSING_FLAG,2026-06-22 11:50:51
037175,HOLMAN,assignment,clear,Clear HOLMAN assignment,,,,flagged,,HOLMAN_MISSING_FLAG,2026-06-22 11:50:51
037188,HOLMAN,assignment,clear,Clear HOLMAN assignment,,,,flagged,,HOLMAN_MISSING_FLAG,2026-06-22 11:50:51
037189,HOLMAN,assignment,clear,Clear HOLMAN assignment,,,,flagged,,HOLMAN_MISSING_FLAG,2026-06-22 11:50:51
037195,HOLMAN,assignment,clear,Clear HOLMAN assignment,,,,flagged,,HOLMAN_MISSING_FLAG,2026-06-22 11:50:52
037200,HOLMAN,assignment,clear,Clear HOLMAN assignment,,,,flagged,,HOLMAN_MISSING_FLAG,2026-06-22 11:50:52
037246,HOLMAN,assignment,clear,Clear HOLMAN assignment,,,,flagged,,HOLMAN_MISSING_FLAG,2026-06-22 11:50:51
037261,HOLMAN,assignment,clear,Clear HOLMAN assignment,,,,flagged,,HOLMAN_MISSING_FLAG,2026-06-22 11:50:52
037265,HOLMAN,assignment,clear,Clear HOLMAN assignment,,,,flagged,,HOLMAN_MISSING_FLAG,2026-06-22 11:50:52
037267,HOLMAN,assignment,clear,Clear HOLMAN assignment,,,,flagged,,HOLMAN_MISSING_FLAG,2026-06-22 11:50:52
037285,HOLMAN,assignment,clear,Clear HOLMAN assignment,,,,flagged,,HOLMAN_MISSING_FLAG,2026-06-22 11:50:52
037296,HOLMAN,assignment,clear,Clear HOLMAN assignment,,,,flagged,,HOLMAN_MISSING_FLAG,2026-06-22 11:50:52
037305,HOLMAN,assignment,clear,Clear HOLMAN assignment,,,,flagged,,HOLMAN_MISSING_FLAG,2026-06-22 11:50:52
037311,HOLMAN,assignment,clear,Clear HOLMAN assignment,,,,flagged,,HOLMAN_MISSING_FLAG,2026-06-22 11:50:52
037367,HOLMAN,assignment,clear,Clear HOLMAN assignment,,,,flagged,,HOLMAN_MISSING_FLAG,2026-06-22 11:50:51
037390,HOLMAN,assignment,clear,Clear HOLMAN assignment,,,,flagged,,HOLMAN_MISSING_FLAG,2026-06-22 11:50:51
037396,HOLMAN,assignment,clear,Clear HOLMAN assignment,,,,flagged,,HOLMAN_MISSING_FLAG,2026-06-22 11:50:51
037415,HOLMAN,assignment,clear,Clear HOLMAN assignment,,,,flagged,,HOLMAN_MISSING_FLAG,2026-06-22 11:50:51
038107,HOLMAN,assignment,clear,Clear HOLMAN assignment,,,,flagged,,HOLMAN_MISSING_FLAG,2026-06-22 11:50:52
038147,HOLMAN,assignment,clear,Clear HOLMAN assignment,,,,flagged,,HOLMAN_MISSING_FLAG,2026-06-22 11:50:52
046065,HOLMAN,assignment,clear,Clear HOLMAN assignment,,,,flagged,,HOLMAN_MISSING_FLAG,2026-06-22 11:50:51
046087,HOLMAN,assignment,clear,Clear HOLMAN assignment,,,,flagged,,HOLMAN_MISSING_FLAG,2026-06-22 11:50:52
046088,HOLMAN,assignment,clear,Clear HOLMAN assignment,,,,flagged,,HOLMAN_MISSING_FLAG,2026-06-22 11:50:52
046097,HOLMAN,assignment,clear,Clear HOLMAN assignment,,,,flagged,,HOLMAN_MISSING_FLAG,2026-06-22 11:50:52
046169,HOLMAN,assignment,clear,Clear HOLMAN assignment,,,,flagged,,HOLMAN_MISSING_FLAG,2026-06-22 11:50:52
046175,HOLMAN,assignment,clear,Clear HOLMAN assignment,,,,flagged,,HOLMAN_MISSING_FLAG,2026-06-22 11:50:52
046177,HOLMAN,assignment,clear,Clear HOLMAN assignment,,,,flagged,,HOLMAN_MISSING_FLAG,2026-06-22 11:50:52
046178,HOLMAN,assignment,clear,Clear HOLMAN assignment,,,,flagged,,HOLMAN_MISSING_FLAG,2026-06-22 11:50:52
046180,HOLMAN,assignment,clear,Clear HOLMAN assignment,,,,flagged,,HOLMAN_MISSING_FLAG,2026-06-22 11:50:52
046183,HOLMAN,assignment,clear,Clear HOLMAN assignment,,,,flagged,,HOLMAN_MISSING_FLAG,2026-06-22 11:50:52
046188,HOLMAN,assignment,clear,Clear HOLMAN assignment,,,,flagged,,HOLMAN_MISSING_FLAG,2026-06-22 11:50:52
046193,HOLMAN,assignment,clear,Clear HOLMAN assignment,,,,flagged,,HOLMAN_MISSING_FLAG,2026-06-22 11:50:52
046198,HOLMAN,assignment,clear,Clear HOLMAN assignment,,,,flagged,,HOLMAN_MISSING_FLAG,2026-06-22 11:50:52
046220,HOLMAN,assignment,clear,Clear HOLMAN assignment,,,,flagged,,HOLMAN_MISSING_FLAG,2026-06-22 11:50:52
046222,HOLMAN,assignment,clear,Clear HOLMAN assignment,,,,flagged,,HOLMAN_MISSING_FLAG,2026-06-22 11:50:52
046255,HOLMAN,assignment,clear,Clear HOLMAN assignment,,,,flagged,,HOLMAN_MISSING_FLAG,2026-06-22 11:50:52
046270,HOLMAN,assignment,clear,Clear HOLMAN assignment,,,,flagged,,HOLMAN_MISSING_FLAG,2026-06-22 11:50:52
046281,HOLMAN,assignment,clear,Clear HOLMAN assignment,,,,flagged,,HOLMAN_MISSING_FLAG,2026-06-22 11:50:52
046312,HOLMAN,assignment,clear,Clear HOLMAN assignment,,,,flagged,,HOLMAN_MISSING_FLAG,2026-06-22 11:50:52
046328,HOLMAN,assignment,clear,Clear HOLMAN assignment,,,,flagged,,HOLMAN_MISSING_FLAG,2026-06-22 11:50:52
046337,HOLMAN,assignment,clear,Clear HOLMAN assignment,,,,flagged,,HOLMAN_MISSING_FLAG,2026-06-22 11:50:52
046357,HOLMAN,assignment,clear,Clear HOLMAN assignment,,,,flagged,,HOLMAN_MISSING_FLAG,2026-06-22 11:50:51
046391,HOLMAN,assignment,clear,Clear HOLMAN assignment,,,,flagged,,HOLMAN_MISSING_FLAG,2026-06-22 11:50:51
046419,HOLMAN,assignment,clear,Clear HOLMAN assignment,,,,flagged,,HOLMAN_MISSING_FLAG,2026-06-22 11:50:51
046449,HOLMAN,assignment,clear,Clear HOLMAN assignment,,,,flagged,,HOLMAN_MISSING_FLAG,2026-06-22 11:50:51
046503,HOLMAN,assignment,clear,Clear HOLMAN assignment,,,,flagged,,HOLMAN_MISSING_FLAG,2026-06-22 11:50:52
046526,HOLMAN,assignment,clear,Clear HOLMAN assignment,,,,flagged,,HOLMAN_MISSING_FLAG,2026-06-22 11:50:52
046563,HOLMAN,assignment,clear,Clear HOLMAN assignment,,,,flagged,,HOLMAN_MISSING_FLAG,2026-06-22 11:50:51
046578,HOLMAN,assignment,clear,Clear HOLMAN assignment,,,,flagged,,HOLMAN_MISSING_FLAG,2026-06-22 11:50:51
046602,HOLMAN,assignment,clear,Clear HOLMAN assignment,,,,flagged,,HOLMAN_MISSING_FLAG,2026-06-22 11:50:52
046616,HOLMAN,assignment,clear,Clear HOLMAN assignment,,,,flagged,,HOLMAN_MISSING_FLAG,2026-06-22 11:50:52
046665,HOLMAN,assignment,clear,Clear HOLMAN assignment,,,,flagged,,HOLMAN_MISSING_FLAG,2026-06-22 11:50:52
046670,HOLMAN,assignment,clear,Clear HOLMAN assignment,,,,flagged,,HOLMAN_MISSING_FLAG,2026-06-22 11:50:52
046671,HOLMAN,assignment,clear,Clear HOLMAN assignment,,,,flagged,,HOLMAN_MISSING_FLAG,2026-06-22 11:50:52
046685,HOLMAN,assignment,clear,Clear HOLMAN assignment,,,,flagged,,HOLMAN_MISSING_FLAG,2026-06-22 11:50:52
046713,HOLMAN,assignment,clear,Clear HOLMAN assignment,,,,flagged,,HOLMAN_MISSING_FLAG,2026-06-22 11:50:51
046718,HOLMAN,assignment,clear,Clear HOLMAN assignment,,,,flagged,,HOLMAN_MISSING_FLAG,2026-06-22 11:50:51
046765,HOLMAN,assignment,clear,Clear HOLMAN assignment,,,,flagged,,HOLMAN_MISSING_FLAG,2026-06-22 11:50:51
046787,HOLMAN,assignment,clear,Clear HOLMAN assignment,,,,flagged,,HOLMAN_MISSING_FLAG,2026-06-22 11:50:51
046798,HOLMAN,assignment,clear,Clear HOLMAN assignment,,,,flagged,,HOLMAN_MISSING_FLAG,2026-06-22 11:50:51
046813,HOLMAN,assignment,clear,Clear HOLMAN assignment,,,,flagged,,HOLMAN_MISSING_FLAG,2026-06-22 11:50:51
046818,HOLMAN,assignment,clear,Clear HOLMAN assignment,,,,flagged,,HOLMAN_MISSING_FLAG,2026-06-22 11:50:51
046833,HOLMAN,assignment,clear,Clear HOLMAN assignment,,,,flagged,,HOLMAN_MISSING_FLAG,2026-06-22 11:50:51
046881,HOLMAN,assignment,clear,Clear HOLMAN assignment,,,,flagged,,HOLMAN_MISSING_FLAG,2026-06-22 11:50:51
046882,HOLMAN,assignment,clear,Clear HOLMAN assignment,,,,flagged,,HOLMAN_MISSING_FLAG,2026-06-22 11:50:51
046915,HOLMAN,assignment,clear,Clear HOLMAN assignment,,,,flagged,,HOLMAN_MISSING_FLAG,2026-06-22 11:50:52
046917,HOLMAN,assignment,clear,Clear HOLMAN assignment,,,,flagged,,HOLMAN_MISSING_FLAG,2026-06-22 11:50:52
046922,HOLMAN,assignment,clear,Clear HOLMAN assignment,,,,flagged,,HOLMAN_MISSING_FLAG,2026-06-22 11:50:52
046943,HOLMAN,assignment,clear,Clear HOLMAN assignment,,,,flagged,,HOLMAN_MISSING_FLAG,2026-06-22 11:50:52
046955,HOLMAN,assignment,clear,Clear HOLMAN assignment,,,,flagged,,HOLMAN_MISSING_FLAG,2026-06-22 11:50:52
046991,HOLMAN,assignment,clear,Clear HOLMAN assignment,,,,flagged,,HOLMAN_MISSING_FLAG,2026-06-22 11:50:52
047005,HOLMAN,assignment,clear,Clear HOLMAN assignment,,,,flagged,,HOLMAN_MISSING_FLAG,2026-06-22 11:50:52
047047,HOLMAN,assignment,clear,Clear HOLMAN assignment,,,,flagged,,HOLMAN_MISSING_FLAG,2026-06-22 11:50:52
047143,HOLMAN,assignment,clear,Clear HOLMAN assignment,,,,flagged,,HOLMAN_MISSING_FLAG,2026-06-22 11:50:52
047148,HOLMAN,assignment,clear,Clear HOLMAN assignment,,,,flagged,,HOLMAN_MISSING_FLAG,2026-06-22 11:50:52
047161,HOLMAN,assignment,clear,Clear HOLMAN assignment,,,,flagged,,HOLMAN_MISSING_FLAG,2026-06-22 11:50:52
047202,HOLMAN,assignment,clear,Clear HOLMAN assignment,,,,flagged,,HOLMAN_MISSING_FLAG,2026-06-22 11:50:52
047213,HOLMAN,assignment,clear,Clear HOLMAN assignment,,,,flagged,,HOLMAN_MISSING_FLAG,2026-06-22 11:50:52
047262,HOLMAN,assignment,clear,Clear HOLMAN assignment,,,,flagged,,HOLMAN_MISSING_FLAG,2026-06-22 11:50:52
047271,HOLMAN,assignment,clear,Clear HOLMAN assignment,,,,flagged,,HOLMAN_MISSING_FLAG,2026-06-22 11:50:52
047300,HOLMAN,assignment,clear,Clear HOLMAN assignment,,,,flagged,,HOLMAN_MISSING_FLAG,2026-06-22 11:50:52
047305,HOLMAN,assignment,clear,Clear HOLMAN assignment,,,,flagged,,HOLMAN_MISSING_FLAG,2026-06-22 11:50:52
047343,HOLMAN,assignment,clear,Clear HOLMAN assignment,,,,flagged,,HOLMAN_MISSING_FLAG,2026-06-22 11:50:52
047348,HOLMAN,assignment,clear,Clear HOLMAN assignment,,,,flagged,,HOLMAN_MISSING_FLAG,2026-06-22 11:50:52
047349,HOLMAN,assignment,clear,Clear HOLMAN assignment,,,,flagged,,HOLMAN_MISSING_FLAG,2026-06-22 11:50:52
047351,HOLMAN,assignment,clear,Clear HOLMAN assignment,,,,flagged,,HOLMAN_MISSING_FLAG,2026-06-22 11:50:52
047355,HOLMAN,assignment,clear,Clear HOLMAN assignment,,,,flagged,,HOLMAN_MISSING_FLAG,2026-06-22 11:50:52
047364,HOLMAN,assignment,clear,Clear HOLMAN assignment,,,,flagged,,HOLMAN_MISSING_FLAG,2026-06-22 11:50:52
047366,HOLMAN,assignment,clear,Clear HOLMAN assignment,,,,flagged,,HOLMAN_MISSING_FLAG,2026-06-22 11:50:52
047390,HOLMAN,assignment,clear,Clear HOLMAN assignment,,,,flagged,,HOLMAN_MISSING_FLAG,2026-06-22 11:50:52
047415,HOLMAN,assignment,clear,Clear HOLMAN assignment,,,,flagged,,HOLMAN_MISSING_FLAG,2026-06-22 11:50:51
048147,HOLMAN,assignment,clear,Clear HOLMAN assignment,,,,flagged,,HOLMAN_MISSING_FLAG,2026-06-22 11:50:52
058147,HOLMAN,assignment,clear,Clear HOLMAN assignment,,,,flagged,,HOLMAN_MISSING_FLAG,2026-06-22 11:50:52
059003,HOLMAN,assignment,clear,Clear HOLMAN assignment,,,,flagged,,HOLMAN_MISSING_FLAG,2026-06-22 11:50:51
061009,HOLMAN,assignment,clear,Clear HOLMAN assignment,,,,flagged,,HOLMAN_MISSING_FLAG,2026-06-22 11:50:51
061078,HOLMAN,assignment,clear,Clear HOLMAN assignment,,,,flagged,,HOLMAN_MISSING_FLAG,2026-06-22 11:50:51
061082,HOLMAN,assignment,clear,Clear HOLMAN assignment,,,,flagged,,HOLMAN_MISSING_FLAG,2026-06-22 11:50:51
061103,HOLMAN,assignment,clear,Clear HOLMAN assignment,,,,flagged,,HOLMAN_MISSING_FLAG,2026-06-22 11:50:51
061161,HOLMAN,assignment,clear,Clear HOLMAN assignment,,,,flagged,,HOLMAN_MISSING_FLAG,2026-06-22 11:50:51
061163,HOLMAN,assignment,clear,Clear HOLMAN assignment,,,,flagged,,HOLMAN_MISSING_FLAG,2026-06-22 11:50:51
061184,HOLMAN,assignment,clear,Clear HOLMAN assignment,,,,flagged,,HOLMAN_MISSING_FLAG,2026-06-22 11:50:51
061199,HOLMAN,assignment,clear,Clear HOLMAN assignment,,,,flagged,,HOLMAN_MISSING_FLAG,2026-06-22 11:50:51
061205,HOLMAN,assignment,clear,Clear HOLMAN assignment,,,,flagged,,HOLMAN_MISSING_FLAG,2026-06-22 11:50:51
061245,HOLMAN,assignment,clear,Clear HOLMAN assignment,,,,flagged,,HOLMAN_MISSING_FLAG,2026-06-22 11:50:51
061371,HOLMAN,assignment,clear,Clear HOLMAN assignment,,,,flagged,,HOLMAN_MISSING_FLAG,2026-06-22 11:50:51
061413,HOLMAN,assignment,clear,Clear HOLMAN assignment,,,,flagged,,HOLMAN_MISSING_FLAG,2026-06-22 11:50:51
061415,HOLMAN,assignment,clear,Clear HOLMAN assignment,,,,flagged,,HOLMAN_MISSING_FLAG,2026-06-22 11:50:51
061420,HOLMAN,assignment,clear,Clear HOLMAN assignment,,,,flagged,,HOLMAN_MISSING_FLAG,2026-06-22 11:50:51
061424,HOLMAN,assignment,clear,Clear HOLMAN assignment,,,,flagged,,HOLMAN_MISSING_FLAG,2026-06-22 11:50:51
061429,HOLMAN,assignment,clear,Clear HOLMAN assignment,,,,flagged,,HOLMAN_MISSING_FLAG,2026-06-22 11:50:51
061545,HOLMAN,assignment,clear,Clear HOLMAN assignment,,,,flagged,,HOLMAN_MISSING_FLAG,2026-06-22 11:50:51
061638,HOLMAN,assignment,clear,Clear HOLMAN assignment,,,,flagged,,HOLMAN_MISSING_FLAG,2026-06-22 11:50:51
061639,HOLMAN,assignment,clear,Clear HOLMAN assignment,,,,flagged,,HOLMAN_MISSING_FLAG,2026-06-22 11:50:51
061658,HOLMAN,assignment,clear,Clear HOLMAN assignment,,,,flagged,,HOLMAN_MISSING_FLAG,2026-06-22 11:50:51
061667,HOLMAN,assignment,clear,Clear HOLMAN assignment,,,,flagged,,HOLMAN_MISSING_FLAG,2026-06-22 11:50:51
061680,HOLMAN,assignment,clear,Clear HOLMAN assignment,,,,flagged,,HOLMAN_MISSING_FLAG,2026-06-22 11:50:51
061697,HOLMAN,assignment,clear,Clear HOLMAN assignment,,,,flagged,,HOLMAN_MISSING_FLAG,2026-06-22 11:50:51
061698,HOLMAN,assignment,clear,Clear HOLMAN assignment,,,,flagged,,HOLMAN_MISSING_FLAG,2026-06-22 11:50:51
061714,HOLMAN,assignment,clear,Clear HOLMAN assignment,,,,flagged,,HOLMAN_MISSING_FLAG,2026-06-22 11:50:51
061716,HOLMAN,assignment,clear,Clear HOLMAN assignment,,,,flagged,,HOLMAN_MISSING_FLAG,2026-06-22 11:50:51
061718,HOLMAN,assignment,clear,Clear HOLMAN assignment,,,,flagged,,HOLMAN_MISSING_FLAG,2026-06-22 11:50:51
061734,HOLMAN,assignment,clear,Clear HOLMAN assignment,,,,flagged,,HOLMAN_MISSING_FLAG,2026-06-22 11:50:51
061739,HOLMAN,assignment,clear,Clear HOLMAN assignment,,,,flagged,,HOLMAN_MISSING_FLAG,2026-06-22 11:50:51
061807,HOLMAN,assignment,clear,Clear HOLMAN assignment,,,,flagged,,HOLMAN_MISSING_FLAG,2026-06-22 11:50:51
061809,HOLMAN,assignment,clear,Clear HOLMAN assignment,,,,flagged,,HOLMAN_MISSING_FLAG,2026-06-22 11:50:51
061825,HOLMAN,assignment,clear,Clear HOLMAN assignment,,,,flagged,,HOLMAN_MISSING_FLAG,2026-06-22 11:50:51
078107,HOLMAN,assignment,clear,Clear HOLMAN assignment,,,,flagged,,HOLMAN_MISSING_FLAG,2026-06-22 11:50:52
078206,HOLMAN,assignment,clear,Clear HOLMAN assignment,,,,flagged,,HOLMAN_MISSING_FLAG,2026-06-22 11:50:52
078220,HOLMAN,assignment,clear,Clear HOLMAN assignment,,,,flagged,,HOLMAN_MISSING_FLAG,2026-06-22 11:50:52
088001,HOLMAN,assignment,clear,Clear HOLMAN assignment,,,,flagged,,HOLMAN_MISSING_FLAG,2026-06-22 11:50:51
088003,HOLMAN,assignment,clear,Clear HOLMAN assignment,,,,flagged,,HOLMAN_MISSING_FLAG,2026-06-22 11:50:51
088004,HOLMAN,assignment,clear,Clear HOLMAN assignment,,,,flagged,,HOLMAN_MISSING_FLAG,2026-06-22 11:50:51
088005,HOLMAN,assignment,clear,Clear HOLMAN assignment,,,,flagged,,HOLMAN_MISSING_FLAG,2026-06-22 11:50:51
088006,HOLMAN,assignment,clear,Clear HOLMAN assignment,,,,flagged,,HOLMAN_MISSING_FLAG,2026-06-22 11:50:51
088007,HOLMAN,assignment,clear,Clear HOLMAN assignment,,,,flagged,,HOLMAN_MISSING_FLAG,2026-06-22 11:50:51
088008,HOLMAN,assignment,clear,Clear HOLMAN assignment,,,,flagged,,HOLMAN_MISSING_FLAG,2026-06-22 11:50:51
088009,HOLMAN,assignment,clear,Clear HOLMAN assignment,,,,flagged,,HOLMAN_MISSING_FLAG,2026-06-22 11:50:51
088011,HOLMAN,assignment,clear,Clear HOLMAN assignment,,,,flagged,,HOLMAN_MISSING_FLAG,2026-06-22 11:50:51
088012,HOLMAN,assignment,clear,Clear HOLMAN assignment,,,,flagged,,HOLMAN_MISSING_FLAG,2026-06-22 11:50:51
088013,HOLMAN,assignment,clear,Clear HOLMAN assignment,,,,flagged,,HOLMAN_MISSING_FLAG,2026-06-22 11:50:51
088014,HOLMAN,assignment,clear,Clear HOLMAN assignment,,,,flagged,,HOLMAN_MISSING_FLAG,2026-06-22 11:50:51
088015,HOLMAN,assignment,clear,Clear HOLMAN assignment,,,,flagged,,HOLMAN_MISSING_FLAG,2026-06-22 11:50:51
088016,HOLMAN,assignment,clear,Clear HOLMAN assignment,,,,flagged,,HOLMAN_MISSING_FLAG,2026-06-22 11:50:51
088017,HOLMAN,assignment,clear,Clear HOLMAN assignment,,,,flagged,,HOLMAN_MISSING_FLAG,2026-06-22 11:50:51
088018,HOLMAN,assignment,clear,Clear HOLMAN assignment,,,,flagged,,HOLMAN_MISSING_FLAG,2026-06-22 11:50:51
088019,HOLMAN,assignment,clear,Clear HOLMAN assignment,,,,flagged,,HOLMAN_MISSING_FLAG,2026-06-22 11:50:51
088024,HOLMAN,assignment,clear,Clear HOLMAN assignment,,,,flagged,,HOLMAN_MISSING_FLAG,2026-06-22 11:50:51
088030,HOLMAN,assignment,clear,Clear HOLMAN assignment,,,,flagged,,HOLMAN_MISSING_FLAG,2026-06-22 11:50:51
088031,HOLMAN,assignment,clear,Clear HOLMAN assignment,,,,flagged,,HOLMAN_MISSING_FLAG,2026-06-22 11:50:51
088032,HOLMAN,assignment,clear,Clear HOLMAN assignment,,,,flagged,,HOLMAN_MISSING_FLAG,2026-06-22 11:50:51
088033,HOLMAN,assignment,clear,Clear HOLMAN assignment,,,,flagged,,HOLMAN_MISSING_FLAG,2026-06-22 11:50:51
088034,HOLMAN,assignment,clear,Clear HOLMAN assignment,,,,flagged,,HOLMAN_MISSING_FLAG,2026-06-22 11:50:51
088040,HOLMAN,assignment,clear,Clear HOLMAN assignment,,,,flagged,,HOLMAN_MISSING_FLAG,2026-06-22 11:50:51
088041,HOLMAN,assignment,clear,Clear HOLMAN assignment,,,,flagged,,HOLMAN_MISSING_FLAG,2026-06-22 11:50:51
088042,HOLMAN,assignment,clear,Clear HOLMAN assignment,,,,flagged,,HOLMAN_MISSING_FLAG,2026-06-22 11:50:51
088043,HOLMAN,assignment,clear,Clear HOLMAN assignment,,,,flagged,,HOLMAN_MISSING_FLAG,2026-06-22 11:50:51
088044,HOLMAN,assignment,clear,Clear HOLMAN assignment,,,,flagged,,HOLMAN_MISSING_FLAG,2026-06-22 11:50:51
088045,HOLMAN,assignment,clear,Clear HOLMAN assignment,,,,flagged,,HOLMAN_MISSING_FLAG,2026-06-22 11:50:51
088060,HOLMAN,assignment,clear,Clear HOLMAN assignment,,,,flagged,,HOLMAN_MISSING_FLAG,2026-06-22 11:50:51
088061,HOLMAN,assignment,clear,Clear HOLMAN assignment,,,,flagged,,HOLMAN_MISSING_FLAG,2026-06-22 11:50:51
088062,HOLMAN,assignment,clear,Clear HOLMAN assignment,,,,flagged,,HOLMAN_MISSING_FLAG,2026-06-22 11:50:51
088063,HOLMAN,assignment,clear,Clear HOLMAN assignment,,,,flagged,,HOLMAN_MISSING_FLAG,2026-06-22 11:50:51
088064,HOLMAN,assignment,clear,Clear HOLMAN assignment,,,,flagged,,HOLMAN_MISSING_FLAG,2026-06-22 11:50:51
088065,HOLMAN,assignment,clear,Clear HOLMAN assignment,,,,flagged,,HOLMAN_MISSING_FLAG,2026-06-22 11:50:51
088066,HOLMAN,assignment,clear,Clear HOLMAN assignment,,,,flagged,,HOLMAN_MISSING_FLAG,2026-06-22 11:50:51
088073,HOLMAN,assignment,clear,Clear HOLMAN assignment,,,,flagged,,HOLMAN_MISSING_FLAG,2026-06-22 11:50:51
088074,HOLMAN,assignment,clear,Clear HOLMAN assignment,,,,flagged,,HOLMAN_MISSING_FLAG,2026-06-22 11:50:51
088078,HOLMAN,assignment,clear,Clear HOLMAN assignment,,,,flagged,,HOLMAN_MISSING_FLAG,2026-06-22 11:50:51
088090,HOLMAN,assignment,clear,Clear HOLMAN assignment,,,,flagged,,HOLMAN_MISSING_FLAG,2026-06-22 11:50:51
088096,HOLMAN,assignment,clear,Clear HOLMAN assignment,,,,flagged,,HOLMAN_MISSING_FLAG,2026-06-22 11:50:51
088106,HOLMAN,assignment,clear,Clear HOLMAN assignment,,,,flagged,,HOLMAN_MISSING_FLAG,2026-06-22 11:50:51
088108,HOLMAN,assignment,clear,Clear HOLMAN assignment,,,,flagged,,HOLMAN_MISSING_FLAG,2026-06-22 11:50:51
088122,HOLMAN,assignment,clear,Clear HOLMAN assignment,,,,flagged,,HOLMAN_MISSING_FLAG,2026-06-22 11:50:51
088126,HOLMAN,assignment,clear,Clear HOLMAN assignment,,,,flagged,,HOLMAN_MISSING_FLAG,2026-06-22 11:50:51
088128,HOLMAN,assignment,clear,Clear HOLMAN assignment,,,,flagged,,HOLMAN_MISSING_FLAG,2026-06-22 11:50:51
088131,HOLMAN,assignment,clear,Clear HOLMAN assignment,,,,flagged,,HOLMAN_MISSING_FLAG,2026-06-22 11:50:51
088133,HOLMAN,assignment,clear,Clear HOLMAN assignment,,,,flagged,,HOLMAN_MISSING_FLAG,2026-06-22 11:50:51
088138,HOLMAN,assignment,assign,Assign HOLMAN assignment -> rsalin3,rsalin3,,,flagged,,HOLMAN_MISSING_FLAG,2026-06-22 11:50:52
088139,HOLMAN,assignment,clear,Clear HOLMAN assignment,,,,flagged,,HOLMAN_MISSING_FLAG,2026-06-22 11:50:51
088140,HOLMAN,assignment,clear,Clear HOLMAN assignment,,,,flagged,,HOLMAN_MISSING_FLAG,2026-06-22 11:50:51
088146,HOLMAN,assignment,clear,Clear HOLMAN assignment,,,,flagged,,HOLMAN_MISSING_FLAG,2026-06-22 11:50:51
088150,HOLMAN,assignment,clear,Clear HOLMAN assignment,,,,flagged,,HOLMAN_MISSING_FLAG,2026-06-22 11:50:51
088153,HOLMAN,assignment,clear,Clear HOLMAN assignment,,,,flagged,,HOLMAN_MISSING_FLAG,2026-06-22 11:50:51
088155,HOLMAN,assignment,assign,Assign HOLMAN assignment -> lcarlso,lcarlso,,,flagged,,HOLMAN_MISSING_FLAG,2026-06-22 11:50:51
088156,HOLMAN,assignment,clear,Clear HOLMAN assignment,,,,flagged,,HOLMAN_MISSING_FLAG,2026-06-22 11:50:51
088159,HOLMAN,assignment,clear,Clear HOLMAN assignment,,,,flagged,,HOLMAN_MISSING_FLAG,2026-06-22 11:50:51
088163,HOLMAN,assignment,clear,Clear HOLMAN assignment,,,,flagged,,HOLMAN_MISSING_FLAG,2026-06-22 11:50:52
088170,HOLMAN,assignment,clear,Clear HOLMAN assignment,,,,flagged,,HOLMAN_MISSING_FLAG,2026-06-22 11:50:51
088171,HOLMAN,assignment,clear,Clear HOLMAN assignment,,,,flagged,,HOLMAN_MISSING_FLAG,2026-06-22 11:50:51
088193,HOLMAN,assignment,clear,Clear HOLMAN assignment,,,,flagged,,HOLMAN_MISSING_FLAG,2026-06-22 11:50:51
088212,HOLMAN,assignment,clear,Clear HOLMAN assignment,,,,flagged,,HOLMAN_MISSING_FLAG,2026-06-22 11:50:51
088219,HOLMAN,assignment,clear,Clear HOLMAN assignment,,,,flagged,,HOLMAN_MISSING_FLAG,2026-06-22 11:50:52
088221,HOLMAN,assignment,assign,Assign HOLMAN assignment -> mmurph3,mmurph3,,,flagged,,HOLMAN_MISSING_FLAG,2026-06-22 11:50:52
088223,HOLMAN,assignment,clear,Clear HOLMAN assignment,,,,flagged,,HOLMAN_MISSING_FLAG,2026-06-22 11:50:51
088224,HOLMAN,assignment,clear,Clear HOLMAN assignment,,,,flagged,,HOLMAN_MISSING_FLAG,2026-06-22 11:50:51
088225,HOLMAN,assignment,clear,Clear HOLMAN assignment,,,,flagged,,HOLMAN_MISSING_FLAG,2026-06-22 11:50:51
088230,HOLMAN,assignment,clear,Clear HOLMAN assignment,,,,flagged,,HOLMAN_MISSING_FLAG,2026-06-22 11:50:51
088240,HOLMAN,assignment,clear,Clear HOLMAN assignment,,,,flagged,,HOLMAN_MISSING_FLAG,2026-06-22 11:50:51
088252,HOLMAN,assignment,assign,Assign HOLMAN assignment -> jricha0,jricha0,,,flagged,,HOLMAN_MISSING_FLAG,2026-06-22 11:50:52
088289,HOLMAN,assignment,clear,Clear HOLMAN assignment,,,,flagged,,HOLMAN_MISSING_FLAG,2026-06-22 11:50:51
097108,HOLMAN,assignment,clear,Clear HOLMAN assignment,,,,flagged,,HOLMAN_MISSING_FLAG,2026-06-22 11:50:51
098220,HOLMAN,assignment,clear,Clear HOLMAN assignment,,,,flagged,,HOLMAN_MISSING_FLAG,2026-06-22 11:50:52
09999R,HOLMAN,assignment,clear,Clear HOLMAN assignment,,,,flagged,,HOLMAN_MISSING_FLAG,2026-06-22 11:50:51
107983,HOLMAN,assignment,clear,Clear HOLMAN assignment,,,,flagged,,HOLMAN_MISSING_FLAG,2026-06-22 11:50:52
108220,HOLMAN,assignment,clear,Clear HOLMAN assignment,,,,flagged,,HOLMAN_MISSING_FLAG,2026-06-22 11:50:52
108935,HOLMAN,assignment,clear,Clear HOLMAN assignment,,,,flagged,,HOLMAN_MISSING_FLAG,2026-06-22 11:50:52
117983,HOLMAN,assignment,clear,Clear HOLMAN assignment,,,,flagged,,HOLMAN_MISSING_FLAG,2026-06-22 11:50:52
118147,HOLMAN,assignment,clear,Clear HOLMAN assignment,,,,flagged,,HOLMAN_MISSING_FLAG,2026-06-22 11:50:51
118175,HOLMAN,assignment,clear,Clear HOLMAN assignment,,,,flagged,,HOLMAN_MISSING_FLAG,2026-06-22 11:50:52
118935,HOLMAN,assignment,clear,Clear HOLMAN assignment,,,,flagged,,HOLMAN_MISSING_FLAG,2026-06-22 11:50:52
127983,HOLMAN,assignment,clear,Clear HOLMAN assignment,,,,flagged,,HOLMAN_MISSING_FLAG,2026-06-22 11:50:52
128175,HOLMAN,assignment,clear,Clear HOLMAN assignment,,,,flagged,,HOLMAN_MISSING_FLAG,2026-06-22 11:50:52
128935,HOLMAN,assignment,clear,Clear HOLMAN assignment,,,,flagged,,HOLMAN_MISSING_FLAG,2026-06-22 11:50:52
137983,HOLMAN,assignment,clear,Clear HOLMAN assignment,,,,flagged,,HOLMAN_MISSING_FLAG,2026-06-22 11:50:52
138175,HOLMAN,assignment,clear,Clear HOLMAN assignment,,,,flagged,,HOLMAN_MISSING_FLAG,2026-06-22 11:50:52
138380,HOLMAN,assignment,clear,Clear HOLMAN assignment,,,,flagged,,HOLMAN_MISSING_FLAG,2026-06-22 11:50:52
138935,HOLMAN,assignment,clear,Clear HOLMAN assignment,,,,flagged,,HOLMAN_MISSING_FLAG,2026-06-22 11:50:52
147983,HOLMAN,assignment,clear,Clear HOLMAN assignment,,,,flagged,,HOLMAN_MISSING_FLAG,2026-06-22 11:50:52
148175,HOLMAN,assignment,clear,Clear HOLMAN assignment,,,,flagged,,HOLMAN_MISSING_FLAG,2026-06-22 11:50:52
148380,HOLMAN,assignment,clear,Clear HOLMAN assignment,,,,flagged,,HOLMAN_MISSING_FLAG,2026-06-22 11:50:52
148935,HOLMAN,assignment,clear,Clear HOLMAN assignment,,,,flagged,,HOLMAN_MISSING_FLAG,2026-06-22 11:50:52
156141,HOLMAN,assignment,clear,Clear HOLMAN assignment,,,,flagged,,HOLMAN_MISSING_FLAG,2026-06-22 11:50:52
157983,HOLMAN,assignment,clear,Clear HOLMAN assignment,,,,flagged,,HOLMAN_MISSING_FLAG,2026-06-22 11:50:52
158175,HOLMAN,assignment,clear,Clear HOLMAN assignment,,,,flagged,,HOLMAN_MISSING_FLAG,2026-06-22 11:50:52
158380,HOLMAN,assignment,clear,Clear HOLMAN assignment,,,,flagged,,HOLMAN_MISSING_FLAG,2026-06-22 11:50:52
158935,HOLMAN,assignment,clear,Clear HOLMAN assignment,,,,flagged,,HOLMAN_MISSING_FLAG,2026-06-22 11:50:52
166141,HOLMAN,assignment,clear,Clear HOLMAN assignment,,,,flagged,,HOLMAN_MISSING_FLAG,2026-06-22 11:50:52
167435,HOLMAN,assignment,clear,Clear HOLMAN assignment,,,,flagged,,HOLMAN_MISSING_FLAG,2026-06-22 11:50:52
167744,HOLMAN,assignment,clear,Clear HOLMAN assignment,,,,flagged,,HOLMAN_MISSING_FLAG,2026-06-22 11:50:52
176141,HOLMAN,assignment,clear,Clear HOLMAN assignment,,,,flagged,,HOLMAN_MISSING_FLAG,2026-06-22 11:50:52
177435,HOLMAN,assignment,clear,Clear HOLMAN assignment,,,,flagged,,HOLMAN_MISSING_FLAG,2026-06-22 11:50:52
186141,HOLMAN,assignment,clear,Clear HOLMAN assignment,,,,flagged,,HOLMAN_MISSING_FLAG,2026-06-22 11:50:52
187435,HOLMAN,assignment,clear,Clear HOLMAN assignment,,,,flagged,,HOLMAN_MISSING_FLAG,2026-06-22 11:50:52
196141,HOLMAN,assignment,clear,Clear HOLMAN assignment,,,,flagged,,HOLMAN_MISSING_FLAG,2026-06-22 11:50:51
197435,HOLMAN,assignment,clear,Clear HOLMAN assignment,,,,flagged,,HOLMAN_MISSING_FLAG,2026-06-22 11:50:51
198420,HOLMAN,assignment,clear,Clear HOLMAN assignment,,,,flagged,,HOLMAN_MISSING_FLAG,2026-06-22 11:50:51
202601,HOLMAN,assignment,assign,Assign HOLMAN assignment -> acook14,acook14,,,flagged,,HOLMAN_MISSING_FLAG,2026-06-22 11:50:51
202602,HOLMAN,assignment,clear,Clear HOLMAN assignment,,,,flagged,,HOLMAN_MISSING_FLAG,2026-06-22 11:50:51
202603,HOLMAN,assignment,clear,Clear HOLMAN assignment,,,,flagged,,HOLMAN_MISSING_FLAG,2026-06-22 11:50:51
202604,HOLMAN,assignment,clear,Clear HOLMAN assignment,,,,flagged,,HOLMAN_MISSING_FLAG,2026-06-22 11:50:51
202605,HOLMAN,assignment,clear,Clear HOLMAN assignment,,,,flagged,,HOLMAN_MISSING_FLAG,2026-06-22 11:50:51
202606,HOLMAN,assignment,clear,Clear HOLMAN assignment,,,,flagged,,HOLMAN_MISSING_FLAG,2026-06-22 11:50:51
202609,HOLMAN,assignment,clear,Clear HOLMAN assignment,,,,flagged,,HOLMAN_MISSING_FLAG,2026-06-22 11:50:51
202610,HOLMAN,assignment,clear,Clear HOLMAN assignment,,,,flagged,,HOLMAN_MISSING_FLAG,2026-06-22 11:50:51
202611,HOLMAN,assignment,clear,Clear HOLMAN assignment,,,,flagged,,HOLMAN_MISSING_FLAG,2026-06-22 11:50:51
202612,HOLMAN,assignment,clear,Clear HOLMAN assignment,,,,flagged,,HOLMAN_MISSING_FLAG,2026-06-22 11:50:52
207435,HOLMAN,assignment,clear,Clear HOLMAN assignment,,,,flagged,,HOLMAN_MISSING_FLAG,2026-06-22 11:50:51
208035,HOLMAN,assignment,clear,Clear HOLMAN assignment,,,,flagged,,HOLMAN_MISSING_FLAG,2026-06-22 11:50:51
208420,HOLMAN,assignment,clear,Clear HOLMAN assignment,,,,flagged,,HOLMAN_MISSING_FLAG,2026-06-22 11:50:51
217435,HOLMAN,assignment,clear,Clear HOLMAN assignment,,,,flagged,,HOLMAN_MISSING_FLAG,2026-06-22 11:50:51
218169,HOLMAN,assignment,clear,Clear HOLMAN assignment,,,,flagged,,HOLMAN_MISSING_FLAG,2026-06-22 11:50:51
218206,HOLMAN,assignment,assign,Assign HOLMAN assignment -> eares,eares,,,flagged,,HOLMAN_MISSING_FLAG,2026-06-22 11:50:51
218420,HOLMAN,assignment,clear,Clear HOLMAN assignment,,,,flagged,,HOLMAN_MISSING_FLAG,2026-06-22 11:50:51
269700,HOLMAN,assignment,clear,Clear HOLMAN assignment,,,,flagged,,HOLMAN_MISSING_FLAG,2026-06-22 11:50:51
373230,HOLMAN,assignment,clear,Clear HOLMAN assignment,,,,flagged,,HOLMAN_MISSING_FLAG,2026-06-22 11:50:51
473230,HOLMAN,assignment,clear,Clear HOLMAN assignment,,,,flagged,,HOLMAN_MISSING_FLAG,2026-06-22 11:50:51
476604,HOLMAN,assignment,clear,Clear HOLMAN assignment,,,,flagged,,HOLMAN_MISSING_FLAG,2026-06-22 11:50:51
476605,HOLMAN,assignment,clear,Clear HOLMAN assignment,,,,flagged,,HOLMAN_MISSING_FLAG,2026-06-22 11:50:51
476607,HOLMAN,assignment,clear,Clear HOLMAN assignment,,,,flagged,,HOLMAN_MISSING_FLAG,2026-06-22 11:50:51
476608,HOLMAN,assignment,clear,Clear HOLMAN assignment,,,,flagged,,HOLMAN_MISSING_FLAG,2026-06-22 11:50:51
476609,HOLMAN,assignment,clear,Clear HOLMAN assignment,,,,flagged,,HOLMAN_MISSING_FLAG,2026-06-22 11:50:51
708402,HOLMAN,assignment,clear,Clear HOLMAN assignment,,,,flagged,,HOLMAN_MISSING_FLAG,2026-06-22 11:50:52
708801,HOLMAN,assignment,clear,Clear HOLMAN assignment,,,,flagged,,HOLMAN_MISSING_FLAG,2026-06-22 11:50:51
708802,HOLMAN,assignment,clear,Clear HOLMAN assignment,,,,flagged,,HOLMAN_MISSING_FLAG,2026-06-22 11:50:51
710801,HOLMAN,assignment,clear,Clear HOLMAN assignment,,,,flagged,,HOLMAN_MISSING_FLAG,2026-06-22 11:50:51
710802,HOLMAN,assignment,clear,Clear HOLMAN assignment,,,,flagged,,HOLMAN_MISSING_FLAG,2026-06-22 11:50:52
710803,HOLMAN,assignment,clear,Clear HOLMAN assignment,,,,flagged,,HOLMAN_MISSING_FLAG,2026-06-22 11:50:52
710804,HOLMAN,assignment,clear,Clear HOLMAN assignment,,,,flagged,,HOLMAN_MISSING_FLAG,2026-06-22 11:50:52
732301,HOLMAN,assignment,clear,Clear HOLMAN assignment,,,,flagged,,HOLMAN_MISSING_FLAG,2026-06-22 11:50:52
732302,HOLMAN,assignment,clear,Clear HOLMAN assignment,,,,flagged,,HOLMAN_MISSING_FLAG,2026-06-22 11:50:52
743501,HOLMAN,assignment,clear,Clear HOLMAN assignment,,,,flagged,,HOLMAN_MISSING_FLAG,2026-06-22 11:50:51
743502,HOLMAN,assignment,clear,Clear HOLMAN assignment,,,,flagged,,HOLMAN_MISSING_FLAG,2026-06-22 11:50:51
761412,HOLMAN,assignment,clear,Clear HOLMAN assignment,,,,flagged,,HOLMAN_MISSING_FLAG,2026-06-22 11:50:51
767001,HOLMAN,assignment,clear,Clear HOLMAN assignment,,,,flagged,,HOLMAN_MISSING_FLAG,2026-06-22 11:50:52
767002,HOLMAN,assignment,clear,Clear HOLMAN assignment,,,,flagged,,HOLMAN_MISSING_FLAG,2026-06-22 11:50:52
767003,HOLMAN,assignment,clear,Clear HOLMAN assignment,,,,flagged,,HOLMAN_MISSING_FLAG,2026-06-22 11:50:52
767004,HOLMAN,assignment,clear,Clear HOLMAN assignment,,,,flagged,,HOLMAN_MISSING_FLAG,2026-06-22 11:50:52
767005,HOLMAN,assignment,clear,Clear HOLMAN assignment,,,,flagged,,HOLMAN_MISSING_FLAG,2026-06-22 11:50:52
803502,HOLMAN,assignment,clear,Clear HOLMAN assignment,,,,flagged,,HOLMAN_MISSING_FLAG,2026-06-22 11:50:51
803503,HOLMAN,assignment,clear,Clear HOLMAN assignment,,,,flagged,,HOLMAN_MISSING_FLAG,2026-06-22 11:50:51
803504,HOLMAN,assignment,clear,Clear HOLMAN assignment,,,,flagged,,HOLMAN_MISSING_FLAG,2026-06-22 11:50:51
803505,HOLMAN,assignment,clear,Clear HOLMAN assignment,,,,flagged,,HOLMAN_MISSING_FLAG,2026-06-22 11:50:51
809605,HOLMAN,assignment,clear,Clear HOLMAN assignment,,,,flagged,,HOLMAN_MISSING_FLAG,2026-06-22 11:50:51
810703,HOLMAN,assignment,clear,Clear HOLMAN assignment,,,,flagged,,HOLMAN_MISSING_FLAG,2026-06-22 11:50:52
810704,HOLMAN,assignment,clear,Clear HOLMAN assignment,,,,flagged,,HOLMAN_MISSING_FLAG,2026-06-22 11:50:52
810705,HOLMAN,assignment,clear,Clear HOLMAN assignment,,,,flagged,,HOLMAN_MISSING_FLAG,2026-06-22 11:50:52
810706,HOLMAN,assignment,clear,Clear HOLMAN assignment,,,,flagged,,HOLMAN_MISSING_FLAG,2026-06-22 11:50:52
815802,HOLMAN,assignment,clear,Clear HOLMAN assignment,,,,flagged,,HOLMAN_MISSING_FLAG,2026-06-22 11:50:52
815803,HOLMAN,assignment,clear,Clear HOLMAN assignment,,,,flagged,,HOLMAN_MISSING_FLAG,2026-06-22 11:50:52
815817,HOLMAN,assignment,clear,Clear HOLMAN assignment,,,,flagged,,HOLMAN_MISSING_FLAG,2026-06-22 11:50:52
816901,HOLMAN,assignment,clear,Clear HOLMAN assignment,,,,flagged,,HOLMAN_MISSING_FLAG,2026-06-22 11:50:51
818101,HOLMAN,assignment,clear,Clear HOLMAN assignment,,,,flagged,,HOLMAN_MISSING_FLAG,2026-06-22 11:50:51
818102,HOLMAN,assignment,clear,Clear HOLMAN assignment,,,,flagged,,HOLMAN_MISSING_FLAG,2026-06-22 11:50:51
820601,HOLMAN,assignment,clear,Clear HOLMAN assignment,,,,flagged,,HOLMAN_MISSING_FLAG,2026-06-22 11:50:51
820602,HOLMAN,assignment,clear,Clear HOLMAN assignment,,,,flagged,,HOLMAN_MISSING_FLAG,2026-06-22 11:50:51
822802,HOLMAN,assignment,clear,Clear HOLMAN assignment,,,,flagged,,HOLMAN_MISSING_FLAG,2026-06-22 11:50:51
822806,HOLMAN,assignment,clear,Clear HOLMAN assignment,,,,flagged,,HOLMAN_MISSING_FLAG,2026-06-22 11:50:51
822809,HOLMAN,assignment,clear,Clear HOLMAN assignment,,,,flagged,,HOLMAN_MISSING_FLAG,2026-06-22 11:50:51
822810,HOLMAN,assignment,clear,Clear HOLMAN assignment,,,,flagged,,HOLMAN_MISSING_FLAG,2026-06-22 11:50:51
836601,HOLMAN,assignment,clear,Clear HOLMAN assignment,,,,flagged,,HOLMAN_MISSING_FLAG,2026-06-22 11:50:52
836602,HOLMAN,assignment,clear,Clear HOLMAN assignment,,,,flagged,,HOLMAN_MISSING_FLAG,2026-06-22 11:50:52
840901,HOLMAN,assignment,clear,Clear HOLMAN assignment,,,,flagged,,HOLMAN_MISSING_FLAG,2026-06-22 11:50:51
840902,HOLMAN,assignment,clear,Clear HOLMAN assignment,,,,flagged,,HOLMAN_MISSING_FLAG,2026-06-22 11:50:51
840903,HOLMAN,assignment,clear,Clear HOLMAN assignment,,,,flagged,,HOLMAN_MISSING_FLAG,2026-06-22 11:50:51
842001,HOLMAN,assignment,clear,Clear HOLMAN assignment,,,,flagged,,HOLMAN_MISSING_FLAG,2026-06-22 11:50:51
842002,HOLMAN,assignment,assign,Assign HOLMAN assignment -> jbasing,jbasing,,,flagged,,HOLMAN_MISSING_FLAG,2026-06-22 11:50:51
855501,HOLMAN,assignment,clear,Clear HOLMAN assignment,,,,flagged,,HOLMAN_MISSING_FLAG,2026-06-22 11:50:51
870841,HOLMAN,assignment,clear,Clear HOLMAN assignment,,,,flagged,,HOLMAN_MISSING_FLAG,2026-06-22 11:50:51
870842,HOLMAN,assignment,clear,Clear HOLMAN assignment,,,,flagged,,HOLMAN_MISSING_FLAG,2026-06-22 11:50:52
870843,HOLMAN,assignment,clear,Clear HOLMAN assignment,,,,flagged,,HOLMAN_MISSING_FLAG,2026-06-22 11:50:52
966599,HOLMAN,assignment,clear,Clear HOLMAN assignment,,,,flagged,,HOLMAN_MISSING_FLAG,2026-06-22 11:50:51
970099,HOLMAN,assignment,clear,Clear HOLMAN assignment,,,,flagged,,HOLMAN_MISSING_FLAG,2026-06-22 11:50:51
970102,HOLMAN,assignment,clear,Clear HOLMAN assignment,,,,flagged,,HOLMAN_MISSING_FLAG,2026-06-22 11:50:51
970199,HOLMAN,assignment,clear,Clear HOLMAN assignment,,,,flagged,,HOLMAN_MISSING_FLAG,2026-06-22 11:50:51
970841,HOLMAN,assignment,clear,Clear HOLMAN assignment,,,,flagged,,HOLMAN_MISSING_FLAG,2026-06-22 11:50:51
970881,HOLMAN,assignment,clear,Clear HOLMAN assignment,,,,flagged,,HOLMAN_MISSING_FLAG,2026-06-22 11:50:51
970882,HOLMAN,assignment,clear,Clear HOLMAN assignment,,,,flagged,,HOLMAN_MISSING_FLAG,2026-06-22 11:50:51
972799,HOLMAN,assignment,clear,Clear HOLMAN assignment,,,,flagged,,HOLMAN_MISSING_FLAG,2026-06-22 11:50:51
974351,HOLMAN,assignment,clear,Clear HOLMAN assignment,,,,flagged,,HOLMAN_MISSING_FLAG,2026-06-22 11:50:51
974352,HOLMAN,assignment,clear,Clear HOLMAN assignment,,,,flagged,,HOLMAN_MISSING_FLAG,2026-06-22 11:50:51
979899,HOLMAN,assignment,clear,Clear HOLMAN assignment,,,,flagged,,HOLMAN_MISSING_FLAG,2026-06-22 11:50:51
979951,HOLMAN,assignment,clear,Clear HOLMAN assignment,,,,flagged,,HOLMAN_MISSING_FLAG,2026-06-22 11:50:51
979952,HOLMAN,assignment,clear,Clear HOLMAN assignment,,,,flagged,,HOLMAN_MISSING_FLAG,2026-06-22 11:50:51
979953,HOLMAN,assignment,clear,Clear HOLMAN assignment,,,,flagged,,HOLMAN_MISSING_FLAG,2026-06-22 11:50:51
979954,HOLMAN,assignment,clear,Clear HOLMAN assignment,,,,flagged,,HOLMAN_MISSING_FLAG,2026-06-22 11:50:51
979955,HOLMAN,assignment,clear,Clear HOLMAN assignment,,,,flagged,,HOLMAN_MISSING_FLAG,2026-06-22 11:50:51
979956,HOLMAN,assignment,clear,Clear HOLMAN assignment,,,,flagged,,HOLMAN_MISSING_FLAG,2026-06-22 11:50:51
979957,HOLMAN,assignment,clear,Clear HOLMAN assignment,,,,flagged,,HOLMAN_MISSING_FLAG,2026-06-22 11:50:51
979958,HOLMAN,assignment,clear,Clear HOLMAN assignment,,,,flagged,,HOLMAN_MISSING_FLAG,2026-06-22 11:50:52
981851,HOLMAN,assignment,clear,Clear HOLMAN assignment,,,,flagged,,HOLMAN_MISSING_FLAG,2026-06-22 11:50:51
982061,HOLMAN,assignment,clear,Clear HOLMAN assignment,,,,flagged,,HOLMAN_MISSING_FLAG,2026-06-22 11:50:51
982062,HOLMAN,assignment,clear,Clear HOLMAN assignment,,,,flagged,,HOLMAN_MISSING_FLAG,2026-06-22 11:50:51
982286,HOLMAN,assignment,clear,Clear HOLMAN assignment,,,,flagged,,HOLMAN_MISSING_FLAG,2026-06-22 11:50:51
983661,HOLMAN,assignment,clear,Clear HOLMAN assignment,,,,flagged,,HOLMAN_MISSING_FLAG,2026-06-22 11:50:51
983662,HOLMAN,assignment,clear,Clear HOLMAN assignment,,,,flagged,,HOLMAN_MISSING_FLAG,2026-06-22 11:50:51
006585,WMS,assignment,clear,Clear WMS assignment,,^null^,gpaulse,verification_pending,,WMS_GHOST_CLEAR,2026-06-22 11:50:51
021503,WMS,assignment,clear,Clear WMS assignment,,^null^,kgriff0,verification_pending,,WMS_GHOST_CLEAR,2026-06-22 11:50:51
023537,WMS,assignment,assign,Assign WMS assignment -> cgroce,cgroce,,,held,,WMS_ASSIGN,2026-06-22 11:50:51
024324,WMS,assignment,assign,Assign WMS assignment -> mdellin,mdellin,,,flagged,,WMS_MISSING_FLAG,2026-06-22 11:50:51
036785,WMS,assignment,clear,Clear WMS assignment,,^null^,jrubio1,verification_pending,,WMS_GHOST_CLEAR,2026-06-22 11:50:51
061055,WMS,cost_center,cost_center,Cost_Center WMS cost_center,,03580,04766,skipped,,COSTCENTER_FIX,2026-06-22 11:50:51
061064,WMS,assignment,clear,Clear WMS assignment,,^null^,jfrye1,verification_pending,,WMS_GHOST_CLEAR,2026-06-22 11:50:51
061242,WMS,assignment,clear,Clear WMS assignment,,^null^,rgray2,verification_pending,,WMS_GHOST_CLEAR,2026-06-22 11:50:51
061269,WMS,cost_center,cost_center,Cost_Center WMS cost_center,,08366,08184,skipped,,COSTCENTER_FIX,2026-06-22 11:50:51
061579,WMS,assignment,clear,Clear WMS assignment,,^null^,jlocke,verification_pending,,WMS_GHOST_CLEAR,2026-06-22 11:50:51
061604,WMS,assignment,clear,Clear WMS assignment,,^null^,dromo,verification_pending,,WMS_GHOST_CLEAR,2026-06-22 11:50:51
061735,WMS,assignment,clear,Clear WMS assignment,,^null^,posbor,verification_pending,,WMS_GHOST_CLEAR,2026-06-22 11:50:51
061765,WMS,assignment,clear,Clear WMS assignment,,^null^,jemig,verification_pending,,WMS_GHOST_CLEAR,2026-06-22 11:50:51
061827,WMS,assignment,clear,Clear WMS assignment,,^null^,echave5,verification_pending,,WMS_GHOST_CLEAR,2026-06-22 11:50:51
202601,WMS,assignment,assign,Assign WMS assignment -> acook14,acook14,,,flagged,,WMS_MISSING_FLAG,2026-06-22 11:50:51
218206,WMS,assignment,assign,Assign WMS assignment -> eares,eares,,,flagged,,WMS_MISSING_FLAG,2026-06-22 11:50:51
842002,WMS,assignment,assign,Assign WMS assignment -> jbasing,jbasing,,,flagged,,WMS_MISSING_FLAG,2026-06-22 11:50:51
